patient_id,arrival_time,wait_time,severity,ambulance_time,department
1,09:00,25,High,10,General ER
2,10:15,15,Critical,7,Trauma
3,11:30,40,Moderate,15,Pediatrics
4,01:00,18,High,9,Cardiac
5,03:00,35,Critical,14,Neurology
6,04:15,20,Moderate,8,Orthopedic
7,05:00,28,High,11,Oncology
8,06:30,32,Critical,16,Dermatology
9,07:00,22,Moderate,9,Urology
10,08:15,45,Critical,18,Gynecology
11,09:20,17,High,7,ENT
12,10:10,26,Moderate,10,Radiology
13,11:45,38,Critical,15,Pulmonology
14,12:30,19,High,8,General Surgery
15,01:40,24,Moderate,9,Nephrology
16,02:15,31,Critical,17,Psychiatry
17,03:25,16,High,7,ICU
18,04:35,29,Moderate,11,Emergency Medicine
19,05:10,41,Critical,19,Cardiology
20,06:00,23,High,10,Pathology
21,07:20,27,Moderate,12,Trauma
22,08:45,36,Critical,16,Pediatrics
23,09:30,18,High,8,Orthopedic
24,10:15,30,Moderate,11,Neurology
25,11:00,43,Critical,20,Cardiac
26,12:20,21,High,9,General ER
27,01:10,25,Moderate,10,Oncology
28,02:40,34,Critical,15,Dermatology
29,03:50,19,High,7,Urology
30,04:25,28,Moderate,12,Gynecology
31,05:15,39,Critical,18,ENT
32,06:45,22,High,9,Radiology
33,07:35,26,Moderate,10,Pulmonology
34,08:20,37,Critical,17,General Surgery
35,09:05,20,High,8,Nephrology
36,10:50,29,Moderate,11,Psychiatry
37,11:40,42,Critical,19,ICU
38,12:15,24,High,10,Emergency Medicine
39,01:25,27,Moderate,12,Cardiology
40,02:30,35,Critical,16,Pathology
41,03:45,18,High,7,Trauma
42,04:50,31,Moderate,11,Pediatrics
43,05:35,44,Critical,20,Orthopedic
44,06:10,23,High,9,Neurology
45,07:15,28,Moderate,10,Cardiac
46,08:25,33,Critical,15,General ER
47,09:40,17,High,8,Oncology
48,10:30,30,Moderate,12,Dermatology
49,11:20,40,Critical,18,Urology
50,12:45,21,High,9,Gynecology
51,01:15,26,Moderate,10,ENT
52,02:00,38,Critical,17,Radiology
53,03:10,19,High,8,Pulmonology
54,04:20,27,Moderate,11,General Surgery
55,05:30,41,Critical,19,Nephrology
56,06:40,22,High,9,Psychiatry
57,07:50,29,Moderate,12,ICU
58,08:30,36,Critical,16,Emergency Medicine
59,09:15,18,High,7,Cardiology
60,10:25,31,Moderate,11,Pathology
61,11:10,43,Critical,20,Trauma
62,12:05,24,High,10,Pediatrics
63,01:45,28,Moderate,12,Orthopedic
64,02:20,37,Critical,17,Neurology
65,03:35,20,High,8,Cardiac
66,04:45,30,Moderate,11,General ER
67,05:25,42,Critical,19,Oncology
68,06:15,23,High,9,Dermatology
69,07:40,27,Moderate,10,Urology
70,08:10,35,Critical,15,Gynecology
71,09:05,19,High,7,ENT
72,10:20,32,Moderate,12,Radiology
73,11:35,44,Critical,20,Pulmonology
74,12:50,21,High,9,General Surgery
75,01:30,26,Moderate,10,Nephrology
76,02:15,39,Critical,18,Psychiatry
77,03:25,18,High,8,ICU
78,04:35,29,Moderate,11,Emergency Medicine
79,05:45,40,Critical,19,Cardiology
80,06:55,22,High,9,Pathology
81,07:10,27,Moderate,12,Trauma
82,08:40,34,Critical,16,Pediatrics
83,09:20,20,High,8,Orthopedic
84,10:05,31,Moderate,11,Neurology
85,11:15,45,Critical,20,Cardiac
86,12:30,24,High,10,General ER
87,01:50,28,Moderate,12,Oncology
88,02:25,38,Critical,17,Dermatology
89,03:40,17,High,7,Urology
90,04:55,30,Moderate,11,Gynecology
91,05:35,42,Critical,19,ENT
92,06:25,23,High,9,Radiology
93,07:45,26,Moderate,10,Pulmonology
94,08:35,37,Critical,16,General Surgery
95,09:10,18,High,8,Nephrology
96,10:40,32,Moderate,12,Psychiatry
97,11:50,44,Critical,20,ICU
98,12:20,21,High,9,Emergency Medicine
99,01:05,27,Moderate,10,Cardiology
100,02:45,36,Critical,17,Pathology
101,03:15,22,High,8,Trauma
102,04:05,29,Moderate,11,Pediatrics
103,05:25,41,Critical,19,Orthopedic
104,06:15,24,High,9,Neurology
105,07:30,33,Moderate,12,Cardiac
106,08:20,39,Critical,18,General ER
107,09:10,18,High,8,Oncology
108,10:45,31,Moderate,11,Dermatology
109,11:35,43,Critical,20,Urology
110,12:15,25,High,10,Gynecology
111,09:00,25,High,10,ENT
112,10:00,15,Critical,7,Radiology
113,11:30,40,Moderate,15,Pulmonology
114,01:00,18,High,9,General Surgery
115,03:00,35,Critical,14,Nephrology
116,04:15,20,Moderate,8,Psychiatry
117,05:00,28,High,11,ICU
118,06:30,32,Critical,16,Emergency Medicine
119,07:00,22,Moderate,9,Cardiology
120,08:15,45,Critical,18,Pathology
121,09:20,17,High,7,Trauma
122,10:10,26,Moderate,10,Pediatrics
123,11:45,38,Critical,15,Orthopedic
124,12:30,19,High,8,Neurology
125,01:40,24,Moderate,9,Cardiac
126,02:15,31,Critical,17,General ER
127,03:25,16,High,7,Oncology
128,04:35,29,Moderate,11,Dermatology
129,05:10,41,Critical,19,Urology
130,06:00,23,High,10,Gynecology
131,07:20,27,Moderate,12,ENT
132,08:45,36,Critical,16,Radiology
133,09:30,18,High,8,Pulmonology
134,10:15,30,Moderate,11,General Surgery
135,11:00,43,Critical,20,Nephrology
136,12:20,21,High,9,Psychiatry
137,01:10,25,Moderate,10,ICU
138,02:40,34,Critical,15,Emergency Medicine
139,03:50,19,High,7,Cardiology
140,04:25,28,Moderate,12,Pathology
141,05:15,39,Critical,18,Trauma
142,06:45,22,High,9,Pediatrics
143,07:35,26,Moderate,10,Orthopedic
144,08:20,37,Critical,17,Neurology
145,09:05,20,High,8,Cardiac
146,10:50,29,Moderate,11,General ER
147,11:40,42,Critical,19,Oncology
148,12:15,24,High,10,Dermatology
149,01:25,27,Moderate,12,Urology
150,02:30,35,Critical,16,Gynecology
151,03:45,18,High,7,ENT
152,04:50,31,Moderate,11,Radiology
153,05:35,44,Critical,20,Pulmonology
154,06:10,23,High,9,General Surgery
155,07:15,28,Moderate,10,Nephrology
156,08:25,33,Critical,15,Psychiatry
157,09:40,17,High,8,ICU
158,10:30,30,Moderate,12,Emergency Medicine
159,11:20,40,Critical,18,Cardiology
160,12:45,21,High,9,Pathology
161,01:15,26,Moderate,10,Trauma
162,02:00,38,Critical,17,Pediatrics
163,03:10,19,High,8,Orthopedic
164,04:20,27,Moderate,11,Neurology
165,05:30,41,Critical,19,Cardiac
166,06:40,22,High,9,General ER
167,07:50,29,Moderate,12,Oncology
168,08:30,36,Critical,16,Dermatology
169,09:15,18,High,7,Urology
170,10:25,31,Moderate,11,Gynecology
171,11:10,43,Critical,20,ENT
172,12:05,24,High,10,Radiology
173,01:45,28,Moderate,12,Pulmonology
174,02:20,37,Critical,17,General Surgery
175,03:35,20,High,8,Nephrology
176,04:45,30,Moderate,11,Psychiatry
177,05:25,42,Critical,19,ICU
178,06:15,23,High,9,Emergency Medicine
179,07:40,27,Moderate,10,Cardiology
180,08:10,35,Critical,15,Pathology
181,09:05,19,High,7,Trauma
182,10:20,32,Moderate,12,Pediatrics
183,11:35,44,Critical,20,Orthopedic
184,12:50,21,High,9,Neurology
185,01:30,26,Moderate,10,Cardiac
186,02:15,39,Critical,18,General ER
187,03:25,18,High,8,Oncology
188,04:35,29,Moderate,11,Dermatology
189,05:45,40,Critical,19,Urology
190,06:55,22,High,9,Gynecology
191,07:10,27,Moderate,12,ENT
192,08:40,34,Critical,16,Radiology
193,09:20,20,High,8,Pulmonology
194,10:05,31,Moderate,11,General Surgery
195,11:15,45,Critical,20,Nephrology
196,12:30,24,High,10,Psychiatry
197,01:50,28,Moderate,12,ICU
198,02:25,38,Critical,17,Emergency Medicine
199,03:40,17,High,7,Cardiology
200,04:55,30,Moderate,11,Pathology
201,05:35,42,Critical,19,Trauma
202,06:25,23,High,9,Pediatrics
203,07:45,26,Moderate,10,Orthopedic
204,08:35,37,Critical,16,Neurology
205,09:10,18,High,8,Cardiac
206,10:40,32,Moderate,12,General ER
207,11:50,44,Critical,20,Oncology
208,12:20,21,High,9,Dermatology
209,01:05,27,Moderate,10,Urology
210,02:45,36,Critical,17,Gynecology
211,03:15,22,High,8,ENT
212,04:05,29,Moderate,11,Radiology
213,05:25,41,Critical,19,Pulmonology
214,06:15,24,High,9,General Surgery
215,07:30,33,Moderate,12,Nephrology
216,08:20,39,Critical,18,Psychiatry
217,09:10,18,High,8,ICU
218,10:45,31,Moderate,11,Emergency Medicine
219,11:35,43,Critical,20,Cardiology
220,12:15,25,High,10,Pathology
221,09:00,25,High,10,Trauma
222,10:00,15,Critical,7,Pediatrics
223,11:30,40,Moderate,15,Orthopedic
224,01:00,18,High,9,Neurology
225,03:00,35,Critical,14,Cardiac
226,04:15,20,Moderate,8,General ER
227,05:00,28,High,11,Oncology
228,06:30,32,Critical,16,Dermatology
229,07:00,22,Moderate,9,Urology
230,08:15,45,Critical,18,Gynecology
231,09:20,17,High,7,ENT
232,10:10,26,Moderate,10,Radiology
233,11:45,38,Critical,15,Pulmonology
234,12:30,19,High,8,General Surgery
235,01:40,24,Moderate,9,Nephrology
236,02:15,31,Critical,17,Psychiatry
237,03:25,16,High,7,ICU
238,04:35,29,Moderate,11,Emergency Medicine
239,05:10,41,Critical,19,Cardiology
240,06:00,23,High,10,Pathology
241,07:20,27,Moderate,12,Trauma
242,08:45,36,Critical,16,Pediatrics
243,09:30,18,High,8,Orthopedic
244,10:15,30,Moderate,11,Neurology
245,11:00,43,Critical,20,Cardiac
246,12:20,21,High,9,General ER
247,01:10,25,Moderate,10,Oncology
248,02:40,34,Critical,15,Dermatology
249,03:50,19,High,7,Urology
250,04:25,28,Moderate,12,Gynecology
251,05:15,39,Critical,18,ENT
252,06:45,22,High,9,Radiology
253,07:35,26,Moderate,10,Pulmonology
254,08:20,37,Critical,17,General Surgery
255,09:05,20,High,8,Nephrology
256,10:50,29,Moderate,11,Psychiatry
257,11:40,42,Critical,19,ICU
258,12:15,24,High,10,Emergency Medicine
259,01:25,27,Moderate,12,Cardiology
260,02:30,35,Critical,16,Pathology
261,03:45,18,High,7,Trauma
262,04:50,31,Moderate,11,Pediatrics
263,05:35,44,Critical,20,Orthopedic
264,06:10,23,High,9,Neurology
265,07:15,28,Moderate,10,Cardiac
266,08:25,33,Critical,15,General ER
267,09:40,17,High,8,Oncology
268,10:30,30,Moderate,12,Dermatology
269,11:20,40,Critical,18,Urology
270,12:45,21,High,9,Gynecology
271,01:15,26,Moderate,10,ENT
272,02:00,38,Critical,17,Radiology
273,03:10,19,High,8,Pulmonology
274,04:20,27,Moderate,11,General Surgery
275,05:30,41,Critical,19,Nephrology
276,06:40,22,High,9,Psychiatry
277,07:50,29,Moderate,12,ICU
278,08:30,36,Critical,16,Emergency Medicine
279,09:15,18,High,7,Cardiology
280,10:25,31,Moderate,11,Pathology
281,11:10,43,Critical,20,Trauma
282,12:05,24,High,10,Pediatrics
283,01:45,28,Moderate,12,Orthopedic
284,02:20,37,Critical,17,Neurology
285,03:35,20,High,8,Cardiac
286,04:45,30,Moderate,11,General ER
287,05:25,42,Critical,19,Oncology
288,06:15,23,High,9,Dermatology
289,07:40,27,Moderate,10,Urology
290,08:10,35,Critical,15,Gynecology
291,09:05,19,High,7,ENT
292,10:20,32,Moderate,12,Radiology
293,11:35,44,Critical,20,Pulmonology
294,12:50,21,High,9,General Surgery
295,01:30,26,Moderate,10,Nephrology
296,02:15,39,Critical,18,Psychiatry
297,03:25,18,High,8,ICU
298,04:35,29,Moderate,11,Emergency Medicine
299,05:45,40,Critical,19,Cardiology
300,06:55,22,High,9,Pathology
301,07:10,27,Moderate,12,Trauma
302,08:40,34,Critical,16,Pediatrics
303,09:20,20,High,8,Orthopedic
304,10:05,31,Moderate,11,Neurology
305,11:15,45,Critical,20,Cardiac
306,12:30,24,High,10,General ER
307,01:50,28,Moderate,12,Oncology
308,02:25,38,Critical,17,Dermatology
309,03:40,17,High,7,Urology
310,04:55,30,Moderate,11,Gynecology
311,05:35,42,Critical,19,ENT
312,06:25,23,High,9,Radiology
313,07:45,26,Moderate,10,Pulmonology
314,08:35,37,Critical,16,General Surgery
315,09:10,18,High,8,Nephrology
316,10:40,32,Moderate,12,Psychiatry
317,11:50,44,Critical,20,ICU
318,12:20,21,High,9,Emergency Medicine
319,01:05,27,Moderate,10,Cardiology
320,02:45,36,Critical,17,Pathology
321,03:15,22,High,8,Trauma
322,04:05,29,Moderate,11,Pediatrics
323,05:25,41,Critical,19,Orthopedic
324,06:15,24,High,9,Neurology
325,07:30,33,Moderate,12,Cardiac
326,08:20,39,Critical,18,General ER
327,09:10,18,High,8,Oncology
328,10:45,31,Moderate,11,Dermatology
329,11:35,43,Critical,20,Urology
330,12:15,25,High,10,Gynecology
331,09:00,25,High,10,ENT
332,10:00,15,Critical,7,Radiology
333,11:30,40,Moderate,15,Pulmonology
334,01:00,18,High,9,General Surgery
335,03:00,35,Critical,14,Nephrology
336,04:15,20,Moderate,8,Psychiatry
337,05:00,28,High,11,ICU
338,06:30,32,Critical,16,Emergency Medicine
339,07:00,22,Moderate,9,Cardiology
340,08:15,45,Critical,18,Pathology
341,09:20,17,High,7,Trauma
342,10:10,26,Moderate,10,Pediatrics
343,11:45,38,Critical,15,Orthopedic
344,12:30,19,High,8,Neurology
345,01:40,24,Moderate,9,Cardiac
346,02:15,31,Critical,17,General ER
347,03:25,16,High,7,Oncology
348,04:35,29,Moderate,11,Dermatology
349,05:10,41,Critical,19,Urology
350,06:00,23,High,10,Gynecology
351,07:20,27,Moderate,12,ENT
352,08:45,36,Critical,16,Radiology
353,09:30,18,High,8,Pulmonology
354,10:15,30,Moderate,11,General Surgery
355,11:00,43,Critical,20,Nephrology
356,12:20,21,High,9,Psychiatry
357,01:10,25,Moderate,10,ICU
358,02:40,34,Critical,15,Emergency Medicine
359,03:50,19,High,7,Cardiology
360,04:25,28,Moderate,12,Pathology
361,05:15,39,Critical,18,Trauma
362,06:45,22,High,9,Pediatrics
363,07:35,26,Moderate,10,Orthopedic
364,08:20,37,Critical,17,Neurology
365,09:05,20,High,8,Cardiac
366,10:50,29,Moderate,11,General ER
367,11:40,42,Critical,19,Oncology
368,12:15,24,High,10,Dermatology
369,01:25,27,Moderate,12,Urology
370,02:30,35,Critical,16,Gynecology
371,03:45,18,High,7,ENT
372,04:50,31,Moderate,11,Radiology
373,05:35,44,Critical,20,Pulmonology
374,06:10,23,High,9,General Surgery
375,07:15,28,Moderate,10,Nephrology
376,08:25,33,Critical,15,Psychiatry
377,09:40,17,High,8,ICU
378,10:30,30,Moderate,12,Emergency Medicine
379,11:20,40,Critical,18,Cardiology
380,12:45,21,High,9,Pathology
381,01:15,26,Moderate,10,Trauma
382,02:00,38,Critical,17,Pediatrics
383,03:10,19,High,8,Orthopedic
384,04:20,27,Moderate,11,Neurology
385,05:30,41,Critical,19,Cardiac
386,06:40,22,High,9,General ER
387,07:50,29,Moderate,12,Oncology
388,08:30,36,Critical,16,Dermatology
389,09:15,18,High,7,Urology
390,10:25,31,Moderate,11,Gynecology
391,11:10,43,Critical,20,ENT
392,12:05,24,High,10,Radiology
393,01:45,28,Moderate,12,Pulmonology
394,02:20,37,Critical,17,General Surgery
395,03:35,20,High,8,Nephrology
396,04:45,30,Moderate,11,Psychiatry
397,05:25,42,Critical,19,ICU
398,06:15,23,High,9,Emergency Medicine
399,07:40,27,Moderate,10,Cardiology
400,08:10,35,Critical,15,Pathology
401,09:05,19,High,7,Trauma
402,10:20,32,Moderate,12,Pediatrics
403,11:35,44,Critical,20,Orthopedic
404,12:50,21,High,9,Neurology
405,01:30,26,Moderate,10,Cardiac
406,02:15,39,Critical,18,General ER
407,03:25,18,High,8,Oncology
408,04:35,29,Moderate,11,Dermatology
409,05:45,40,Critical,19,Urology
410,06:55,22,High,9,Gynecology
411,07:10,27,Moderate,12,ENT
412,08:40,34,Critical,16,Radiology
413,09:20,20,High,8,Pulmonology
414,10:05,31,Moderate,11,General Surgery
415,11:15,45,Critical,20,Nephrology
416,12:30,24,High,10,Psychiatry
417,01:50,28,Moderate,12,ICU
418,02:25,38,Critical,17,Emergency Medicine
419,03:40,17,High,7,Cardiology
420,04:55,30,Moderate,11,Pathology
421,05:35,42,Critical,19,Trauma
422,06:25,23,High,9,Pediatrics
423,07:45,26,Moderate,10,Orthopedic
424,08:35,37,Critical,16,Neurology
425,09:10,18,High,8,Cardiac
426,10:40,32,Moderate,12,General ER
427,11:50,44,Critical,20,Oncology
428,12:20,21,High,9,Dermatology
429,01:05,27,Moderate,10,Urology
430,02:45,36,Critical,17,Gynecology
431,03:15,22,High,8,ENT
432,04:05,29,Moderate,11,Radiology
433,05:25,41,Critical,19,Pulmonology
434,06:15,24,High,9,General Surgery
435,07:30,33,Moderate,12,Nephrology
436,08:20,39,Critical,18,Psychiatry
437,09:10,18,High,8,ICU
438,10:45,31,Moderate,11,Emergency Medicine
439,11:35,43,Critical,20,Cardiology
440,12:15,25,High,10,Pathology
441,09:00,25,High,10,Trauma
442,10:00,15,Critical,7,Pediatrics
443,11:30,40,Moderate,15,Orthopedic
444,01:00,18,High,9,Neurology
445,03:00,35,Critical,14,Cardiac
446,04:15,20,Moderate,8,General ER
447,05:00,28,High,11,Oncology
448,06:30,32,Critical,16,Dermatology
449,07:00,22,Moderate,9,Urology
450,08:15,45,Critical,18,Gynecology
451,09:20,17,High,7,ENT
452,10:10,26,Moderate,10,Radiology
453,11:45,38,Critical,15,Pulmonology
454,12:30,19,High,8,General Surgery
455,01:40,24,Moderate,9,Nephrology
456,02:15,31,Critical,17,Psychiatry
457,03:25,16,High,7,ICU
458,04:35,29,Moderate,11,Emergency Medicine
459,05:10,41,Critical,19,Cardiology
460,06:00,23,High,10,Pathology
461,07:20,27,Moderate,12,Trauma
462,08:45,36,Critical,16,Pediatrics
463,09:30,18,High,8,Orthopedic
464,10:15,30,Moderate,11,Neurology
465,11:00,43,Critical,20,Cardiac
466,12:20,21,High,9,General ER
467,01:10,25,Moderate,10,Oncology
468,02:40,34,Critical,15,Dermatology
469,03:50,19,High,7,Urology
470,04:25,28,Moderate,12,Gynecology
471,05:15,39,Critical,18,ENT
472,06:45,22,High,9,Radiology
473,07:35,26,Moderate,10,Pulmonology
474,08:20,37,Critical,17,General Surgery
475,09:05,20,High,8,Nephrology
476,10:50,29,Moderate,11,Psychiatry
477,11:40,42,Critical,19,ICU
478,12:15,24,High,10,Emergency Medicine
479,01:25,27,Moderate,12,Cardiology
480,02:30,35,Critical,16,Pathology
481,03:45,18,High,7,Trauma
482,04:50,31,Moderate,11,Pediatrics
483,05:35,44,Critical,20,Orthopedic
484,06:10,23,High,9,Neurology
485,07:15,28,Moderate,10,Cardiac
486,08:25,33,Critical,15,General ER
487,09:40,17,High,8,Oncology
488,10:30,30,Moderate,12,Dermatology
489,11:20,40,Critical,18,Urology
490,12:45,21,High,9,Gynecology
491,01:15,26,Moderate,10,ENT
492,02:00,38,Critical,17,Radiology
493,03:10,19,High,8,Pulmonology
494,04:20,27,Moderate,11,General Surgery
495,05:30,41,Critical,19,Nephrology
496,06:40,22,High,9,Psychiatry
497,07:50,29,Moderate,12,ICU
498,08:30,36,Critical,16,Emergency Medicine
499,09:15,18,High,7,Cardiology
500,10:25,31,Moderate,11,Pathology
501,11:10,43,Critical,20,Trauma
502,12:05,24,High,10,Pediatrics
503,01:45,28,Moderate,12,Orthopedic
504,02:20,37,Critical,17,Neurology
505,03:35,20,High,8,Cardiac
506,04:45,30,Moderate,11,General ER
507,05:25,42,Critical,19,Oncology
508,06:15,23,High,9,Dermatology
509,07:40,27,Moderate,10,Urology
510,08:10,35,Critical,15,Gynecology
511,09:05,19,High,7,ENT
512,10:20,32,Moderate,12,Radiology
513,11:35,44,Critical,20,Pulmonology
514,12:50,21,High,9,General Surgery
515,01:30,26,Moderate,10,Nephrology
516,02:15,39,Critical,18,Psychiatry
517,03:25,18,High,8,ICU
518,04:35,29,Moderate,11,Emergency Medicine
519,05:45,40,Critical,19,Cardiology
520,06:55,22,High,9,Pathology
521,07:10,27,Moderate,12,Trauma
522,08:40,34,Critical,16,Pediatrics
523,09:20,20,High,8,Orthopedic
524,10:05,31,Moderate,11,Neurology
525,11:15,45,Critical,20,Cardiac
526,12:30,24,High,10,General ER
527,01:50,28,Moderate,12,Oncology
528,02:25,38,Critical,17,Dermatology
529,03:40,17,High,7,Urology
530,04:55,30,Moderate,11,Gynecology
531,05:35,42,Critical,19,ENT
532,06:25,23,High,9,Radiology
533,07:45,26,Moderate,10,Pulmonology
534,08:35,37,Critical,16,General Surgery
535,09:10,18,High,8,Nephrology
536,10:40,32,Moderate,12,Psychiatry
537,11:50,44,Critical,20,ICU
538,12:20,21,High,9,Emergency Medicine
539,01:05,27,Moderate,10,Cardiology
540,02:45,36,Critical,17,Pathology
541,03:15,22,High,8,Trauma
542,04:05,29,Moderate,11,Pediatrics
543,05:25,41,Critical,19,Orthopedic
544,06:15,24,High,9,Neurology
545,07:30,33,Moderate,12,Cardiac
546,08:20,39,Critical,18,General ER
547,09:10,18,High,8,Oncology
548,10:45,31,Moderate,11,Dermatology
549,11:35,43,Critical,20,Urology
550,12:15,25,High,10,Gynecology
551,09:00,25,High,10,ENT
552,10:00,15,Critical,7,Radiology
553,11:30,40,Moderate,15,Pulmonology
554,01:00,18,High,9,General Surgery
555,03:00,35,Critical,14,Nephrology
556,04:15,20,Moderate,8,Psychiatry
557,05:00,28,High,11,ICU
558,06:30,32,Critical,16,Emergency Medicine
559,07:00,22,Moderate,9,Cardiology
560,08:15,45,Critical,18,Pathology
561,09:20,17,High,7,Trauma
562,10:10,26,Moderate,10,Pediatrics
563,11:45,38,Critical,15,Orthopedic
564,12:30,19,High,8,Neurology
565,01:40,24,Moderate,9,Cardiac
566,02:15,31,Critical,17,General ER
567,03:25,16,High,7,Oncology
568,04:35,29,Moderate,11,Dermatology
569,05:10,41,Critical,19,Urology
570,06:00,23,High,10,Gynecology
571,07:20,27,Moderate,12,ENT
572,08:45,36,Critical,16,Radiology
573,09:30,18,High,8,Pulmonology
574,10:15,30,Moderate,11,General Surgery
575,11:00,43,Critical,20,Nephrology
576,12:20,21,High,9,Psychiatry
577,01:10,25,Moderate,10,ICU
578,02:40,34,Critical,15,Emergency Medicine
579,03:50,19,High,7,Cardiology
580,04:25,28,Moderate,12,Pathology
581,05:15,39,Critical,18,Trauma
582,06:45,22,High,9,Pediatrics
583,07:35,26,Moderate,10,Orthopedic
584,08:20,37,Critical,17,Neurology
585,09:05,20,High,8,Cardiac
586,10:50,29,Moderate,11,General ER
587,11:40,42,Critical,19,Oncology
588,12:15,24,High,10,Dermatology
589,01:25,27,Moderate,12,Urology
590,02:30,35,Critical,16,Gynecology
591,03:45,18,High,7,ENT
592,04:50,31,Moderate,11,Radiology
593,05:35,44,Critical,20,Pulmonology
594,06:10,23,High,9,General Surgery
595,07:15,28,Moderate,10,Nephrology
596,08:25,33,Critical,15,Psychiatry
597,09:40,17,High,8,ICU
598,10:30,30,Moderate,12,Emergency Medicine
599,11:20,40,Critical,18,Cardiology
600,12:45,21,High,9,Pathology
601,01:15,26,Moderate,10,Trauma
602,02:00,38,Critical,17,Pediatrics
603,03:10,19,High,8,Orthopedic
604,04:20,27,Moderate,11,Neurology
605,05:30,41,Critical,19,Cardiac
606,06:40,22,High,9,General ER
607,07:50,29,Moderate,12,Oncology
608,08:30,36,Critical,16,Dermatology
609,09:15,18,High,7,Urology
610,10:25,31,Moderate,11,Gynecology
611,11:10,43,Critical,20,ENT
612,12:05,24,High,10,Radiology
613,01:45,28,Moderate,12,Pulmonology
614,02:20,37,Critical,17,General Surgery
615,03:35,20,High,8,Nephrology
616,04:45,30,Moderate,11,Psychiatry
617,05:25,42,Critical,19,ICU
618,06:15,23,High,9,Emergency Medicine
619,07:40,27,Moderate,10,Cardiology
620,08:10,35,Critical,15,Pathology
621,09:05,19,High,7,Trauma
622,10:20,32,Moderate,12,Pediatrics
623,11:35,44,Critical,20,Orthopedic
624,12:50,21,High,9,Neurology
625,01:30,26,Moderate,10,Cardiac
626,02:15,39,Critical,18,General ER
627,03:25,18,High,8,Oncology
628,04:35,29,Moderate,11,Dermatology
629,05:45,40,Critical,19,Urology
630,06:55,22,High,9,Gynecology
631,07:10,27,Moderate,12,ENT
632,08:40,34,Critical,16,Radiology
633,09:20,20,High,8,Pulmonology
634,10:05,31,Moderate,11,General Surgery
635,11:15,45,Critical,20,Nephrology
636,12:30,24,High,10,Psychiatry
637,01:50,28,Moderate,12,ICU
638,02:25,38,Critical,17,Emergency Medicine
639,03:40,17,High,7,Cardiology
640,04:55,30,Moderate,11,Pathology
641,05:35,42,Critical,19,Trauma
642,06:25,23,High,9,Pediatrics
643,07:45,26,Moderate,10,Orthopedic
644,08:35,37,Critical,16,Neurology
645,09:10,18,High,8,Cardiac
646,10:40,32,Moderate,12,General ER
647,11:50,44,Critical,20,Oncology
648,12:20,21,High,9,Dermatology
649,01:05,27,Moderate,10,Urology
650,02:45,36,Critical,17,Gynecology
651,03:15,22,High,8,ENT
652,04:05,29,Moderate,11,Radiology
653,05:25,41,Critical,19,Pulmonology
654,06:15,24,High,9,General Surgery
655,07:30,33,Moderate,12,Nephrology
656,08:20,39,Critical,18,Psychiatry
657,09:10,18,High,8,ICU
658,10:45,31,Moderate,11,Emergency Medicine
659,11:35,43,Critical,20,Cardiology
660,12:15,25,High,10,Pathology
661,09:00,25,High,10,Trauma
662,10:00,15,Critical,7,Pediatrics
663,11:30,40,Moderate,15,Orthopedic
664,01:00,18,High,9,Neurology
665,03:00,35,Critical,14,Cardiac
666,04:15,20,Moderate,8,General ER
667,05:00,28,High,11,Oncology
668,06:30,32,Critical,16,Dermatology
669,07:00,22,Moderate,9,Urology
670,08:15,45,Critical,18,Gynecology
671,09:20,17,High,7,ENT
672,10:10,26,Moderate,10,Radiology
673,11:45,38,Critical,15,Pulmonology
674,12:30,19,High,8,General Surgery
675,01:40,24,Moderate,9,Nephrology
676,02:15,31,Critical,17,Psychiatry
677,03:25,16,High,7,ICU
678,04:35,29,Moderate,11,Emergency Medicine
679,05:10,41,Critical,19,Cardiology
680,06:00,23,High,10,Pathology
681,07:20,27,Moderate,12,Trauma
682,08:45,36,Critical,16,Pediatrics
683,09:30,18,High,8,Orthopedic
684,10:15,30,Moderate,11,Neurology
685,11:00,43,Critical,20,Cardiac
686,12:20,21,High,9,General ER
687,01:10,25,Moderate,10,Oncology
688,02:40,34,Critical,15,Dermatology
689,03:50,19,High,7,Urology
690,04:25,28,Moderate,12,Gynecology
691,05:15,39,Critical,18,ENT
692,06:45,22,High,9,Radiology
693,07:35,26,Moderate,10,Pulmonology
694,08:20,37,Critical,17,General Surgery
695,09:05,20,High,8,Nephrology
696,10:50,29,Moderate,11,Psychiatry
697,11:40,42,Critical,19,ICU
698,12:15,24,High,10,Emergency Medicine
699,01:25,27,Moderate,12,Cardiology
700,02:30,35,Critical,16,Pathology
701,03:45,18,High,7,Trauma
702,04:50,31,Moderate,11,Pediatrics
703,05:35,44,Critical,20,Orthopedic
704,06:10,23,High,9,Neurology
705,07:15,28,Moderate,10,Cardiac
706,08:25,33,Critical,15,General ER
707,09:40,17,High,8,Oncology
708,10:30,30,Moderate,12,Dermatology
709,11:20,40,Critical,18,Urology
710,12:45,21,High,9,Gynecology
711,01:15,26,Moderate,10,ENT
712,02:00,38,Critical,17,Radiology
713,03:10,19,High,8,Pulmonology
714,04:20,27,Moderate,11,General Surgery
715,05:30,41,Critical,19,Nephrology
716,06:40,22,High,9,Psychiatry
717,07:50,29,Moderate,12,ICU
718,08:30,36,Critical,16,Emergency Medicine
719,09:15,18,High,7,Cardiology
720,10:25,31,Moderate,11,Pathology
721,11:10,43,Critical,20,Trauma
722,12:05,24,High,10,Pediatrics
723,01:45,28,Moderate,12,Orthopedic
724,02:20,37,Critical,17,Neurology
725,03:35,20,High,8,Cardiac
726,04:45,30,Moderate,11,General ER
727,05:25,42,Critical,19,Oncology
728,06:15,23,High,9,Dermatology
729,07:40,27,Moderate,10,Urology
730,08:10,35,Critical,15,Gynecology
731,09:05,19,High,7,ENT
732,10:20,32,Moderate,12,Radiology
733,11:35,44,Critical,20,Pulmonology
734,12:50,21,High,9,General Surgery
735,01:30,26,Moderate,10,Nephrology
736,02:15,39,Critical,18,Psychiatry
737,03:25,18,High,8,ICU
738,04:35,29,Moderate,11,Emergency Medicine
739,05:45,40,Critical,19,Cardiology
740,06:55,22,High,9,Pathology
741,07:10,27,Moderate,12,Trauma
742,08:40,34,Critical,16,Pediatrics
743,09:20,20,High,8,Orthopedic
744,10:05,31,Moderate,11,Neurology
745,11:15,45,Critical,20,Cardiac
746,12:30,24,High,10,General ER
747,01:50,28,Moderate,12,Oncology
748,02:25,38,Critical,17,Dermatology
749,03:40,17,High,7,Urology
750,04:55,30,Moderate,11,Gynecology
751,05:35,42,Critical,19,ENT
752,06:25,23,High,9,Radiology
753,07:45,26,Moderate,10,Pulmonology
754,08:35,37,Critical,16,General Surgery
755,09:10,18,High,8,Nephrology
756,10:40,32,Moderate,12,Psychiatry
757,11:50,44,Critical,20,ICU
758,12:20,21,High,9,Emergency Medicine
759,01:05,27,Moderate,10,Cardiology
760,02:45,36,Critical,17,Pathology
761,03:15,22,High,8,Trauma
762,04:05,29,Moderate,11,Pediatrics
763,05:25,41,Critical,19,Orthopedic
764,06:15,24,High,9,Neurology
765,07:30,33,Moderate,12,Cardiac
766,08:20,39,Critical,18,General ER
767,09:10,18,High,8,Oncology
768,10:45,31,Moderate,11,Dermatology
769,11:35,43,Critical,20,Urology
770,12:15,25,High,10,Gynecology
771,09:00,25,High,10,ENT
772,10:00,15,Critical,7,Radiology
773,11:30,40,Moderate,15,Pulmonology
774,01:00,18,High,9,General Surgery
775,03:00,35,Critical,14,Nephrology
776,04:15,20,Moderate,8,Psychiatry
777,05:00,28,High,11,ICU
778,06:30,32,Critical,16,Emergency Medicine
779,07:00,22,Moderate,9,Cardiology
780,08:15,45,Critical,18,Pathology
781,09:20,17,High,7,Trauma
782,10:10,26,Moderate,10,Pediatrics
783,11:45,38,Critical,15,Orthopedic
784,12:30,19,High,8,Neurology
785,01:40,24,Moderate,9,Cardiac
786,02:15,31,Critical,17,General ER
787,03:25,16,High,7,Oncology
788,04:35,29,Moderate,11,Dermatology
789,05:10,41,Critical,19,Urology
790,06:00,23,High,10,Gynecology
791,07:20,27,Moderate,12,ENT
792,08:45,36,Critical,16,Radiology
793,09:30,18,High,8,Pulmonology
794,10:15,30,Moderate,11,General Surgery
795,11:00,43,Critical,20,Nephrology
796,12:20,21,High,9,Psychiatry
797,01:10,25,Moderate,10,ICU
798,02:40,34,Critical,15,Emergency Medicine
799,03:50,19,High,7,Cardiology
800,04:25,28,Moderate,12,Pathology
801,05:15,39,Critical,18,Trauma
802,06:45,22,High,9,Pediatrics
803,07:35,26,Moderate,10,Orthopedic
804,08:20,37,Critical,17,Neurology
805,09:05,20,High,8,Cardiac
806,10:50,29,Moderate,11,General ER
807,11:40,42,Critical,19,Oncology
808,12:15,24,High,10,Dermatology
809,01:25,27,Moderate,12,Urology
810,02:30,35,Critical,16,Gynecology
811,03:45,18,High,7,ENT
812,04:50,31,Moderate,11,Radiology
813,05:35,44,Critical,20,Pulmonology
814,06:10,23,High,9,General Surgery
815,07:15,28,Moderate,10,Nephrology
816,08:25,33,Critical,15,Psychiatry
817,09:40,17,High,8,ICU
818,10:30,30,Moderate,12,Emergency Medicine
819,11:20,40,Critical,18,Cardiology
820,12:45,21,High,9,Pathology
821,01:15,26,Moderate,10,Trauma
822,02:00,38,Critical,17,Pediatrics
823,03:10,19,High,8,Orthopedic
824,04:20,27,Moderate,11,Neurology
825,05:30,41,Critical,19,Cardiac
826,06:40,22,High,9,General ER
827,07:50,29,Moderate,12,Oncology
828,08:30,36,Critical,16,Dermatology
829,09:15,18,High,7,Urology
830,10:25,31,Moderate,11,Gynecology
831,11:10,43,Critical,20,ENT
832,12:05,24,High,10,Radiology
833,01:45,28,Moderate,12,Pulmonology
834,02:20,37,Critical,17,General Surgery
835,03:35,20,High,8,Nephrology
836,04:45,30,Moderate,11,Psychiatry
837,05:25,42,Critical,19,ICU
838,06:15,23,High,9,Emergency Medicine
839,07:40,27,Moderate,10,Cardiology
840,08:10,35,Critical,15,Pathology
841,09:05,19,High,7,Trauma
842,10:20,32,Moderate,12,Pediatrics
843,11:35,44,Critical,20,Orthopedic
844,12:50,21,High,9,Neurology
845,01:30,26,Moderate,10,Cardiac
846,02:15,39,Critical,18,General ER
847,03:25,18,High,8,Oncology
848,04:35,29,Moderate,11,Dermatology
849,05:45,40,Critical,19,Urology
850,06:55,22,High,9,Gynecology
851,07:10,27,Moderate,12,ENT
852,08:40,34,Critical,16,Radiology
853,09:20,20,High,8,Pulmonology
854,10:05,31,Moderate,11,General Surgery
855,11:15,45,Critical,20,Nephrology
856,12:30,24,High,10,Psychiatry
857,01:50,28,Moderate,12,ICU
858,02:25,38,Critical,17,Emergency Medicine
859,03:40,17,High,7,Cardiology
860,04:55,30,Moderate,11,Pathology
861,05:35,42,Critical,19,Trauma
862,06:25,23,High,9,Pediatrics
863,07:45,26,Moderate,10,Orthopedic
864,08:35,37,Critical,16,Neurology
865,09:10,18,High,8,Cardiac
866,10:40,32,Moderate,12,General ER
867,11:50,44,Critical,20,Oncology
868,12:20,21,High,9,Dermatology
869,01:05,27,Moderate,10,Urology
870,02:45,36,Critical,17,Gynecology
871,03:15,22,High,8,ENT
872,04:05,29,Moderate,11,Radiology
873,05:25,41,Critical,19,Pulmonology
874,06:15,24,High,9,General Surgery
875,07:30,33,Moderate,12,Nephrology
876,08:20,39,Critical,18,Psychiatry
877,09:10,18,High,8,ICU
878,10:45,31,Moderate,11,Emergency Medicine
879,11:35,43,Critical,20,Cardiology
880,12:15,25,High,10,Pathology
881,09:00,25,High,10,Trauma
882,10:00,15,Critical,7,Pediatrics
883,11:30,40,Moderate,15,Orthopedic
884,01:00,18,High,9,Neurology
885,03:00,35,Critical,14,Cardiac
886,04:15,20,Moderate,8,General ER
887,05:00,28,High,11,Oncology
888,06:30,32,Critical,16,Dermatology
889,07:00,22,Moderate,9,Urology
890,08:15,45,Critical,18,Gynecology
891,09:20,17,High,7,ENT
892,10:10,26,Moderate,10,Radiology
893,11:45,38,Critical,15,Pulmonology
894,12:30,19,High,8,General Surgery
895,01:40,24,Moderate,9,Nephrology
896,02:15,31,Critical,17,Psychiatry
897,03:25,16,High,7,ICU
898,04:35,29,Moderate,11,Emergency Medicine
899,05:10,41,Critical,19,Cardiology
900,06:00,23,High,10,Pathology
901,07:20,27,Moderate,12,Trauma
902,08:45,36,Critical,16,Pediatrics
903,09:30,18,High,8,Orthopedic
904,10:15,30,Moderate,11,Neurology
905,11:00,43,Critical,20,Cardiac
906,12:20,21,High,9,General ER
907,01:10,25,Moderate,10,Oncology
908,02:40,34,Critical,15,Dermatology
909,03:50,19,High,7,Urology
910,04:25,28,Moderate,12,Gynecology
911,05:15,39,Critical,18,ENT
912,06:45,22,High,9,Radiology
913,07:35,26,Moderate,10,Pulmonology
914,08:20,37,Critical,17,General Surgery
915,09:05,20,High,8,Nephrology
916,10:50,29,Moderate,11,Psychiatry
917,11:40,42,Critical,19,ICU
918,12:15,24,High,10,Emergency Medicine
919,01:25,27,Moderate,12,Cardiology
920,02:30,35,Critical,16,Pathology
921,03:45,18,High,7,Trauma
922,04:50,31,Moderate,11,Pediatrics
923,05:35,44,Critical,20,Orthopedic
924,06:10,23,High,9,Neurology
925,07:15,28,Moderate,10,Cardiac
926,08:25,33,Critical,15,General ER
927,09:40,17,High,8,Oncology
928,10:30,30,Moderate,12,Dermatology
929,11:20,40,Critical,18,Urology
930,12:45,21,High,9,Gynecology
931,01:15,26,Moderate,10,ENT
932,02:00,38,Critical,17,Radiology
933,03:10,19,High,8,Pulmonology
934,04:20,27,Moderate,11,General Surgery
935,05:30,41,Critical,19,Nephrology
936,06:40,22,High,9,Psychiatry
937,07:50,29,Moderate,12,ICU
938,08:30,36,Critical,16,Emergency Medicine
939,09:15,18,High,7,Cardiology
940,10:25,31,Moderate,11,Pathology
941,11:10,43,Critical,20,Trauma
942,12:05,24,High,10,Pediatrics
943,01:45,28,Moderate,12,Orthopedic
944,02:20,37,Critical,17,Neurology
945,03:35,20,High,8,Cardiac
946,04:45,30,Moderate,11,General ER
947,05:25,42,Critical,19,Oncology
948,06:15,23,High,9,Dermatology
949,07:40,27,Moderate,10,Urology
950,08:10,35,Critical,15,Gynecology
951,09:05,19,High,7,ENT
952,10:20,32,Moderate,12,Radiology
953,11:35,44,Critical,20,Pulmonology
954,12:50,21,High,9,General Surgery
955,01:30,26,Moderate,10,Nephrology
956,02:15,39,Critical,18,Psychiatry
957,03:25,18,High,8,ICU
958,04:35,29,Moderate,11,Emergency Medicine
959,05:45,40,Critical,19,Cardiology
960,06:55,22,High,9,Pathology
961,07:10,27,Moderate,12,Trauma
962,08:40,34,Critical,16,Pediatrics
963,09:20,20,High,8,Orthopedic
964,10:05,31,Moderate,11,Neurology
965,11:15,45,Critical,20,Cardiac
966,12:30,24,High,10,General ER
967,01:50,28,Moderate,12,Oncology
968,02:25,38,Critical,17,Dermatology
969,03:40,17,High,7,Urology
970,04:55,30,Moderate,11,Gynecology
971,05:35,42,Critical,19,ENT
972,06:25,23,High,9,Radiology
973,07:45,26,Moderate,10,Pulmonology
974,08:35,37,Critical,16,General Surgery
975,09:10,18,High,8,Nephrology
976,10:40,32,Moderate,12,Psychiatry
977,11:50,44,Critical,20,ICU
978,12:20,21,High,9,Emergency Medicine
979,01:05,27,Moderate,10,Cardiology
980,02:45,36,Critical,17,Pathology
981,03:15,22,High,8,Trauma
982,04:05,29,Moderate,11,Pediatrics
983,05:25,41,Critical,19,Orthopedic
984,06:15,24,High,9,Neurology
985,07:30,33,Moderate,12,Cardiac
986,08:20,39,Critical,18,General ER
987,09:10,18,High,8,Oncology
988,10:45,31,Moderate,11,Dermatology
989,11:35,43,Critical,20,Urology
990,12:15,25,High,10,Gynecology
991,09:00,25,High,10,ENT
992,10:00,15,Critical,7,Radiology
993,11:30,40,Moderate,15,Pulmonology
994,01:00,18,High,9,General Surgery
995,03:00,35,Critical,14,Nephrology
996,04:15,20,Moderate,8,Psychiatry
997,05:00,28,High,11,ICU
998,06:30,32,Critical,16,Emergency Medicine
999,07:00,22,Moderate,9,Cardiology
1000,08:15,45,Critical,18,Pathology
1001,09:20,17,High,7,Trauma
1002,10:10,26,Moderate,10,Pediatrics
1003,11:45,38,Critical,15,Orthopedic
1004,12:30,19,High,8,Neurology
1005,01:40,24,Moderate,9,Cardiac
1006,02:15,31,Critical,17,General ER
1007,03:25,16,High,7,Oncology
1008,04:35,29,Moderate,11,Dermatology
1009,05:10,41,Critical,19,Urology
1010,06:00,23,High,10,Gynecology
1011,07:20,27,Moderate,12,ENT
1012,08:45,36,Critical,16,Radiology
1013,09:30,18,High,8,Pulmonology
1014,10:15,30,Moderate,11,General Surgery
1015,11:00,43,Critical,20,Nephrology
1016,12:20,21,High,9,Psychiatry
1017,01:10,25,Moderate,10,ICU
1018,02:40,34,Critical,15,Emergency Medicine
1019,03:50,19,High,7,Cardiology
1020,04:25,28,Moderate,12,Pathology
1021,05:15,39,Critical,18,Trauma
1022,06:45,22,High,9,Pediatrics
1023,07:35,26,Moderate,10,Orthopedic
1024,08:20,37,Critical,17,Neurology
1025,09:05,20,High,8,Cardiac
1026,10:50,29,Moderate,11,General ER
1027,11:40,42,Critical,19,Oncology
1028,12:15,24,High,10,Dermatology
1029,01:25,27,Moderate,12,Urology
1030,02:30,35,Critical,16,Gynecology
1031,03:45,18,High,7,ENT
1032,04:50,31,Moderate,11,Radiology
1033,05:35,44,Critical,20,Pulmonology
1034,06:10,23,High,9,General Surgery
1035,07:15,28,Moderate,10,Nephrology
1036,08:25,33,Critical,15,Psychiatry
1037,09:40,17,High,8,ICU
1038,10:30,30,Moderate,12,Emergency Medicine
1039,11:20,40,Critical,18,Cardiology
1040,12:45,21,High,9,Pathology
1041,01:15,26,Moderate,10,Trauma
1042,02:00,38,Critical,17,Pediatrics
1043,03:10,19,High,8,Orthopedic
1044,04:20,27,Moderate,11,Neurology
1045,05:30,41,Critical,19,Cardiac
1046,06:40,22,High,9,General ER
1047,07:50,29,Moderate,12,Oncology
1048,08:30,36,Critical,16,Dermatology
1049,09:15,18,High,7,Urology
1050,10:25,31,Moderate,11,Gynecology
1051,11:10,43,Critical,20,ENT
1052,12:05,24,High,10,Radiology
1053,01:45,28,Moderate,12,Pulmonology
1054,02:20,37,Critical,17,General Surgery
1055,03:35,20,High,8,Nephrology
1056,04:45,30,Moderate,11,Psychiatry
1057,05:25,42,Critical,19,ICU
1058,06:15,23,High,9,Emergency Medicine
1059,07:40,27,Moderate,10,Cardiology
1060,08:10,35,Critical,15,Pathology
1061,09:05,19,High,7,Trauma
1062,10:20,32,Moderate,12,Pediatrics
1063,11:35,44,Critical,20,Orthopedic
1064,12:50,21,High,9,Neurology
1065,01:30,26,Moderate,10,Cardiac
1066,02:15,39,Critical,18,General ER
1067,03:25,18,High,8,Oncology
1068,04:35,29,Moderate,11,Dermatology
1069,05:45,40,Critical,19,Urology
1070,06:55,22,High,9,Gynecology
1071,07:10,27,Moderate,12,ENT
1072,08:40,34,Critical,16,Radiology
1073,09:20,20,High,8,Pulmonology
1074,10:05,31,Moderate,11,General Surgery
1075,11:15,45,Critical,20,Nephrology
1076,12:30,24,High,10,Psychiatry
1077,01:50,28,Moderate,12,ICU
1078,02:25,38,Critical,17,Emergency Medicine
1079,03:40,17,High,7,Cardiology
1080,04:55,30,Moderate,11,Pathology
1081,05:35,42,Critical,19,Trauma
1082,06:25,23,High,9,Pediatrics
1083,07:45,26,Moderate,10,Orthopedic
1084,08:35,37,Critical,16,Neurology
1085,09:10,18,High,8,Cardiac
1086,10:40,32,Moderate,12,General ER
1087,11:50,44,Critical,20,Oncology
1088,12:20,21,High,9,Dermatology
1089,01:05,27,Moderate,10,Urology
1090,02:45,36,Critical,17,Gynecology
1091,03:15,22,High,8,ENT
1092,04:05,29,Moderate,11,Radiology
1093,05:25,41,Critical,19,Pulmonology
1094,06:15,24,High,9,General Surgery
1095,07:30,33,Moderate,12,Nephrology
1096,08:20,39,Critical,18,Psychiatry
1097,09:10,18,High,8,ICU
1098,10:45,31,Moderate,11,Emergency Medicine
1099,11:35,43,Critical,20,Cardiology
1100,12:15,25,High,10,Pathology
1101,09:00,25,High,10,Trauma
1102,10:00,15,Critical,7,Pediatrics
1103,11:30,40,Moderate,15,Orthopedic
1104,01:00,18,High,9,Neurology
1105,03:00,35,Critical,14,Cardiac
1106,04:15,20,Moderate,8,General ER
1107,05:00,28,High,11,Oncology
1108,06:30,32,Critical,16,Dermatology
1109,07:00,22,Moderate,9,Urology
1110,08:15,45,Critical,18,Gynecology
1111,09:20,17,High,7,ENT
1112,10:10,26,Moderate,10,Radiology
1113,11:45,38,Critical,15,Pulmonology
1114,12:30,19,High,8,General Surgery
1115,01:40,24,Moderate,9,Nephrology
1116,02:15,31,Critical,17,Psychiatry
1117,03:25,16,High,7,ICU
1118,04:35,29,Moderate,11,Emergency Medicine
1119,05:10,41,Critical,19,Cardiology
1120,06:00,23,High,10,Pathology
1121,07:20,27,Moderate,12,Trauma
1122,08:45,36,Critical,16,Pediatrics
1123,09:30,18,High,8,Orthopedic
1124,10:15,30,Moderate,11,Neurology
1125,11:00,43,Critical,20,Cardiac
1126,12:20,21,High,9,General ER
1127,01:10,25,Moderate,10,Oncology
1128,02:40,34,Critical,15,Dermatology
1129,03:50,19,High,7,Urology
1130,04:25,28,Moderate,12,Gynecology
1131,05:15,39,Critical,18,ENT
1132,06:45,22,High,9,Radiology
1133,07:35,26,Moderate,10,Pulmonology
1134,08:20,37,Critical,17,General Surgery
1135,09:05,20,High,8,Nephrology
1136,10:50,29,Moderate,11,Psychiatry
1137,11:40,42,Critical,19,ICU
1138,12:15,24,High,10,Emergency Medicine
1139,01:25,27,Moderate,12,Cardiology
1140,02:30,35,Critical,16,Pathology
1141,03:45,18,High,7,Trauma
1142,04:50,31,Moderate,11,Pediatrics
1143,05:35,44,Critical,20,Orthopedic
1144,06:10,23,High,9,Neurology
1145,07:15,28,Moderate,10,Cardiac
1146,08:25,33,Critical,15,General ER
1147,09:40,17,High,8,Oncology
1148,10:30,30,Moderate,12,Dermatology
1149,11:20,40,Critical,18,Urology
1150,12:45,21,High,9,Gynecology
1151,01:15,26,Moderate,10,ENT
1152,02:00,38,Critical,17,Radiology
1153,03:10,19,High,8,Pulmonology
1154,04:20,27,Moderate,11,General Surgery
1155,05:30,41,Critical,19,Nephrology
1156,06:40,22,High,9,Psychiatry
1157,07:50,29,Moderate,12,ICU
1158,08:30,36,Critical,16,Emergency Medicine
1159,09:15,18,High,7,Cardiology
1160,10:25,31,Moderate,11,Pathology
1161,11:10,43,Critical,20,Trauma
1162,12:05,24,High,10,Pediatrics
1163,01:45,28,Moderate,12,Orthopedic
1164,02:20,37,Critical,17,Neurology
1165,03:35,20,High,8,Cardiac
1166,04:45,30,Moderate,11,General ER
1167,05:25,42,Critical,19,Oncology
1168,06:15,23,High,9,Dermatology
1169,07:40,27,Moderate,10,Urology
1170,08:10,35,Critical,15,Gynecology
1171,09:05,19,High,7,ENT
1172,10:20,32,Moderate,12,Radiology
1173,11:35,44,Critical,20,Pulmonology
1174,12:50,21,High,9,General Surgery
1175,01:30,26,Moderate,10,Nephrology
1176,02:15,39,Critical,18,Psychiatry
1177,03:25,18,High,8,ICU
1178,04:35,29,Moderate,11,Emergency Medicine
1179,05:45,40,Critical,19,Cardiology
1180,06:55,22,High,9,Pathology
1181,07:10,27,Moderate,12,Trauma
1182,08:40,34,Critical,16,Pediatrics
1183,09:20,20,High,8,Orthopedic
1184,10:05,31,Moderate,11,Neurology
1185,11:15,45,Critical,20,Cardiac
1186,12:30,24,High,10,General ER
1187,01:50,28,Moderate,12,Oncology
1188,02:25,38,Critical,17,Dermatology
1189,03:40,17,High,7,Urology
1190,04:55,30,Moderate,11,Gynecology
1191,05:35,42,Critical,19,ENT
1192,06:25,23,High,9,Radiology
1193,07:45,26,Moderate,10,Pulmonology
1194,08:35,37,Critical,16,General Surgery
1195,09:10,18,High,8,Nephrology
1196,10:40,32,Moderate,12,Psychiatry
1197,11:50,44,Critical,20,ICU
1198,12:20,21,High,9,Emergency Medicine
1199,01:05,27,Moderate,10,Cardiology
1200,02:45,36,Critical,17,Pathology
1201,03:15,22,High,8,Trauma
1202,04:05,29,Moderate,11,Pediatrics
1203,05:25,41,Critical,19,Orthopedic
1204,06:15,24,High,9,Neurology
1205,07:30,33,Moderate,12,Cardiac
1206,08:20,39,Critical,18,General ER
1207,09:10,18,High,8,Oncology
1208,10:45,31,Moderate,11,Dermatology
1209,11:35,43,Critical,20,Urology
1210,12:15,25,High,10,Gynecology
1211,09:00,25,High,10,ENT
1212,10:00,15,Critical,7,Radiology
1213,11:30,40,Moderate,15,Pulmonology
1214,01:00,18,High,9,General Surgery
1215,03:00,35,Critical,14,Nephrology
1216,04:15,20,Moderate,8,Psychiatry
1217,05:00,28,High,11,ICU
1218,06:30,32,Critical,16,Emergency Medicine
1219,07:00,22,Moderate,9,Cardiology
1220,08:15,45,Critical,18,Pathology
1221,09:20,17,High,7,Trauma
1222,10:10,26,Moderate,10,Pediatrics
1223,11:45,38,Critical,15,Orthopedic
1224,12:30,19,High,8,Neurology
1225,01:40,24,Moderate,9,Cardiac
1226,02:15,31,Critical,17,General ER
1227,03:25,16,High,7,Oncology
1228,04:35,29,Moderate,11,Dermatology
1229,05:10,41,Critical,19,Urology
1230,06:00,23,High,10,Gynecology
1231,07:20,27,Moderate,12,ENT
1232,08:45,36,Critical,16,Radiology
1233,09:30,18,High,8,Pulmonology
1234,10:15,30,Moderate,11,General Surgery
1235,11:00,43,Critical,20,Nephrology
1236,12:20,21,High,9,Psychiatry
1237,01:10,25,Moderate,10,ICU
1238,02:40,34,Critical,15,Emergency Medicine
1239,03:50,19,High,7,Cardiology
1240,04:25,28,Moderate,12,Pathology
1241,05:15,39,Critical,18,Trauma
1242,06:45,22,High,9,Pediatrics
1243,07:35,26,Moderate,10,Orthopedic
1244,08:20,37,Critical,17,Neurology
1245,09:05,20,High,8,Cardiac
1246,10:50,29,Moderate,11,General ER
1247,11:40,42,Critical,19,Oncology
1248,12:15,24,High,10,Dermatology
1249,01:25,27,Moderate,12,Urology
1250,02:30,35,Critical,16,Gynecology
1251,03:45,18,High,7,ENT
1252,04:50,31,Moderate,11,Radiology
1253,05:35,44,Critical,20,Pulmonology
1254,06:10,23,High,9,General Surgery
1255,07:15,28,Moderate,10,Nephrology
1256,08:25,33,Critical,15,Psychiatry
1257,09:40,17,High,8,ICU
1258,10:30,30,Moderate,12,Emergency Medicine
1259,11:20,40,Critical,18,Cardiology
1260,12:45,21,High,9,Pathology
1261,01:15,26,Moderate,10,Trauma
1262,02:00,38,Critical,17,Pediatrics
1263,03:10,19,High,8,Orthopedic
1264,04:20,27,Moderate,11,Neurology
1265,05:30,41,Critical,19,Cardiac
1266,06:40,22,High,9,General ER
1267,07:50,29,Moderate,12,Oncology
1268,08:30,36,Critical,16,Dermatology
1269,09:15,18,High,7,Urology
1270,10:25,31,Moderate,11,Gynecology
1271,11:10,43,Critical,20,ENT
1272,12:05,24,High,10,Radiology
1273,01:45,28,Moderate,12,Pulmonology
1274,02:20,37,Critical,17,General Surgery
1275,03:35,20,High,8,Nephrology
1276,04:45,30,Moderate,11,Psychiatry
1277,05:25,42,Critical,19,ICU
1278,06:15,23,High,9,Emergency Medicine
1279,07:40,27,Moderate,10,Cardiology
1280,08:10,35,Critical,15,Pathology
1281,09:05,19,High,7,Trauma
1282,10:20,32,Moderate,12,Pediatrics
1283,11:35,44,Critical,20,Orthopedic
1284,12:50,21,High,9,Neurology
1285,01:30,26,Moderate,10,Cardiac
1286,02:15,39,Critical,18,General ER
1287,03:25,18,High,8,Oncology
1288,04:35,29,Moderate,11,Dermatology
1289,05:45,40,Critical,19,Urology
1290,06:55,22,High,9,Gynecology
1291,07:10,27,Moderate,12,ENT
1292,08:40,34,Critical,16,Radiology
1293,09:20,20,High,8,Pulmonology
1294,10:05,31,Moderate,11,General Surgery
1295,11:15,45,Critical,20,Nephrology
1296,12:30,24,High,10,Psychiatry
1297,01:50,28,Moderate,12,ICU
1298,02:25,38,Critical,17,Emergency Medicine
1299,03:40,17,High,7,Cardiology
1300,04:55,30,Moderate,11,Pathology
1301,05:35,42,Critical,19,Trauma
1302,06:25,23,High,9,Pediatrics
1303,07:45,26,Moderate,10,Orthopedic
1304,08:35,37,Critical,16,Neurology
1305,09:10,18,High,8,Cardiac
1306,10:40,32,Moderate,12,General ER
1307,11:50,44,Critical,20,Oncology
1308,12:20,21,High,9,Dermatology
1309,01:05,27,Moderate,10,Urology
1310,02:45,36,Critical,17,Gynecology
1311,03:15,22,High,8,ENT
1312,04:05,29,Moderate,11,Radiology
1313,05:25,41,Critical,19,Pulmonology
1314,06:15,24,High,9,General Surgery
1315,07:30,33,Moderate,12,Nephrology
1316,08:20,39,Critical,18,Psychiatry
1317,09:10,18,High,8,ICU
1318,10:45,31,Moderate,11,Emergency Medicine
1319,11:35,43,Critical,20,Cardiology
1320,12:15,25,High,10,Pathology
1321,09:00,25,High,10,Trauma
1322,10:00,15,Critical,7,Pediatrics
1323,11:30,40,Moderate,15,Orthopedic
1324,01:00,18,High,9,Neurology
1325,03:00,35,Critical,14,Cardiac
1326,04:15,20,Moderate,8,General ER
1327,05:00,28,High,11,Oncology
1328,06:30,32,Critical,16,Dermatology
1329,07:00,22,Moderate,9,Urology
1330,08:15,45,Critical,18,Gynecology
1331,09:20,17,High,7,ENT
1332,10:10,26,Moderate,10,Radiology
1333,11:45,38,Critical,15,Pulmonology
1334,12:30,19,High,8,General Surgery
1335,01:40,24,Moderate,9,Nephrology
1336,02:15,31,Critical,17,Psychiatry
1337,03:25,16,High,7,ICU
1338,04:35,29,Moderate,11,Emergency Medicine
1339,05:10,41,Critical,19,Cardiology
1340,06:00,23,High,10,Pathology
1341,07:20,27,Moderate,12,Trauma
1342,08:45,36,Critical,16,Pediatrics
1343,09:30,18,High,8,Orthopedic
1344,10:15,30,Moderate,11,Neurology
1345,11:00,43,Critical,20,Cardiac
1346,12:20,21,High,9,General ER
1347,01:10,25,Moderate,10,Oncology
1348,02:40,34,Critical,15,Dermatology
1349,03:50,19,High,7,Urology
1350,04:25,28,Moderate,12,Gynecology
1351,05:15,39,Critical,18,ENT
1352,06:45,22,High,9,Radiology
1353,07:35,26,Moderate,10,Pulmonology
1354,08:20,37,Critical,17,General Surgery
1355,09:05,20,High,8,Nephrology
1356,10:50,29,Moderate,11,Psychiatry
1357,11:40,42,Critical,19,ICU
1358,12:15,24,High,10,Emergency Medicine
1359,01:25,27,Moderate,12,Cardiology
1360,02:30,35,Critical,16,Pathology
1361,03:45,18,High,7,Trauma
1362,04:50,31,Moderate,11,Pediatrics
1363,05:35,44,Critical,20,Orthopedic
1364,06:10,23,High,9,Neurology
1365,07:15,28,Moderate,10,Cardiac
1366,08:25,33,Critical,15,General ER
1367,09:40,17,High,8,Oncology
1368,10:30,30,Moderate,12,Dermatology
1369,11:20,40,Critical,18,Urology
1370,12:45,21,High,9,Gynecology
1371,01:15,26,Moderate,10,ENT
1372,02:00,38,Critical,17,Radiology
1373,03:10,19,High,8,Pulmonology
1374,04:20,27,Moderate,11,General Surgery
1375,05:30,41,Critical,19,Nephrology
1376,06:40,22,High,9,Psychiatry
1377,07:50,29,Moderate,12,ICU
1378,08:30,36,Critical,16,Emergency Medicine
1379,09:15,18,High,7,Cardiology
1380,10:25,31,Moderate,11,Pathology
1381,11:10,43,Critical,20,Trauma
1382,12:05,24,High,10,Pediatrics
1383,01:45,28,Moderate,12,Orthopedic
1384,02:20,37,Critical,17,Neurology
1385,03:35,20,High,8,Cardiac
1386,04:45,30,Moderate,11,General ER
1387,05:25,42,Critical,19,Oncology
1388,06:15,23,High,9,Dermatology
1389,07:40,27,Moderate,10,Urology
1390,08:10,35,Critical,15,Gynecology
1391,09:05,19,High,7,ENT
1392,10:20,32,Moderate,12,Radiology
1393,11:35,44,Critical,20,Pulmonology
1394,12:50,21,High,9,General Surgery
1395,01:30,26,Moderate,10,Nephrology
1396,02:15,39,Critical,18,Psychiatry
1397,03:25,18,High,8,ICU
1398,04:35,29,Moderate,11,Emergency Medicine
1399,05:45,40,Critical,19,Cardiology
1400,06:55,22,High,9,Pathology
1401,07:10,27,Moderate,12,Trauma
1402,08:40,34,Critical,16,Pediatrics
1403,09:20,20,High,8,Orthopedic
1404,10:05,31,Moderate,11,Neurology
1405,11:15,45,Critical,20,Cardiac
1406,12:30,24,High,10,General ER
1407,01:50,28,Moderate,12,Oncology
1408,02:25,38,Critical,17,Dermatology
1409,03:40,17,High,7,Urology
1410,04:55,30,Moderate,11,Gynecology
1411,05:35,42,Critical,19,ENT
1412,06:25,23,High,9,Radiology
1413,07:45,26,Moderate,10,Pulmonology
1414,08:35,37,Critical,16,General Surgery
1415,09:10,18,High,8,Nephrology
1416,10:40,32,Moderate,12,Psychiatry
1417,11:50,44,Critical,20,ICU
1418,12:20,21,High,9,Emergency Medicine
1419,01:05,27,Moderate,10,Cardiology
1420,02:45,36,Critical,17,Pathology
1421,03:15,22,High,8,Trauma
1422,04:05,29,Moderate,11,Pediatrics
1423,05:25,41,Critical,19,Orthopedic
1424,06:15,24,High,9,Neurology
1425,07:30,33,Moderate,12,Cardiac
1426,08:20,39,Critical,18,General ER
1427,09:10,18,High,8,Oncology
1428,10:45,31,Moderate,11,Dermatology
1429,11:35,43,Critical,20,Urology
1430,12:15,25,High,10,Gynecology
1431,09:00,25,High,10,ENT
1432,10:00,15,Critical,7,Radiology
1433,11:30,40,Moderate,15,Pulmonology
1434,01:00,18,High,9,General Surgery
1435,03:00,35,Critical,14,Nephrology
1436,04:15,20,Moderate,8,Psychiatry
1437,05:00,28,High,11,ICU
1438,06:30,32,Critical,16,Emergency Medicine
1439,07:00,22,Moderate,9,Cardiology
1440,08:15,45,Critical,18,Pathology
1441,09:20,17,High,7,Trauma
1442,10:10,26,Moderate,10,Pediatrics
1443,11:45,38,Critical,15,Orthopedic
1444,12:30,19,High,8,Neurology
1445,01:40,24,Moderate,9,Cardiac
1446,02:15,31,Critical,17,General ER
1447,03:25,16,High,7,Oncology
1448,04:35,29,Moderate,11,Dermatology
1449,05:10,41,Critical,19,Urology
1450,06:00,23,High,10,Gynecology
1451,07:20,27,Moderate,12,ENT
1452,08:45,36,Critical,16,Radiology
1453,09:30,18,High,8,Pulmonology
1454,10:15,30,Moderate,11,General Surgery
1455,11:00,43,Critical,20,Nephrology
1456,12:20,21,High,9,Psychiatry
1457,01:10,25,Moderate,10,ICU
1458,02:40,34,Critical,15,Emergency Medicine
1459,03:50,19,High,7,Cardiology
1460,04:25,28,Moderate,12,Pathology
1461,05:15,39,Critical,18,Trauma
1462,06:45,22,High,9,Pediatrics
1463,07:35,26,Moderate,10,Orthopedic
1464,08:20,37,Critical,17,Neurology
1465,09:05,20,High,8,Cardiac
1466,10:50,29,Moderate,11,General ER
1467,11:40,42,Critical,19,Oncology
1468,12:15,24,High,10,Dermatology
1469,01:25,27,Moderate,12,Urology
1470,02:30,35,Critical,16,Gynecology
1471,03:45,18,High,7,ENT
1472,04:50,31,Moderate,11,Radiology
1473,05:35,44,Critical,20,Pulmonology
1474,06:10,23,High,9,General Surgery
1475,07:15,28,Moderate,10,Nephrology
1476,08:25,33,Critical,15,Psychiatry
1477,09:40,17,High,8,ICU
1478,10:30,30,Moderate,12,Emergency Medicine
1479,11:20,40,Critical,18,Cardiology
1480,12:45,21,High,9,Pathology
1481,01:15,26,Moderate,10,Trauma
1482,02:00,38,Critical,17,Pediatrics
1483,03:10,19,High,8,Orthopedic
1484,04:20,27,Moderate,11,Neurology
1485,05:30,41,Critical,19,Cardiac
1486,06:40,22,High,9,General ER
1487,07:50,29,Moderate,12,Oncology
1488,08:30,36,Critical,16,Dermatology
1489,09:15,18,High,7,Urology
1490,10:25,31,Moderate,11,Gynecology
1491,11:10,43,Critical,20,ENT
1492,12:05,24,High,10,Radiology
1493,01:45,28,Moderate,12,Pulmonology
1494,02:20,37,Critical,17,General Surgery
1495,03:35,20,High,8,Nephrology
1496,04:45,30,Moderate,11,Psychiatry
1497,05:25,42,Critical,19,ICU
1498,06:15,23,High,9,Emergency Medicine
1499,07:40,27,Moderate,10,Cardiology
1500,08:10,35,Critical,15,Pathology
1501,09:05,19,High,7,Trauma
1502,10:20,32,Moderate,12,Pediatrics
1503,11:35,44,Critical,20,Orthopedic
1504,12:50,21,High,9,Neurology
1505,01:30,26,Moderate,10,Cardiac
1506,02:15,39,Critical,18,General ER
1507,03:25,18,High,8,Oncology
1508,04:35,29,Moderate,11,Dermatology
1509,05:45,40,Critical,19,Urology
1510,06:55,22,High,9,Gynecology
1511,07:10,27,Moderate,12,ENT
1512,08:40,34,Critical,16,Radiology
1513,09:20,20,High,8,Pulmonology
1514,10:05,31,Moderate,11,General Surgery
1515,11:15,45,Critical,20,Nephrology
1516,12:30,24,High,10,Psychiatry
1517,01:50,28,Moderate,12,ICU
1518,02:25,38,Critical,17,Emergency Medicine
1519,03:40,17,High,7,Cardiology
1520,04:55,30,Moderate,11,Pathology
1521,05:35,42,Critical,19,Trauma
1522,06:25,23,High,9,Pediatrics
1523,07:45,26,Moderate,10,Orthopedic
1524,08:35,37,Critical,16,Neurology
1525,09:10,18,High,8,Cardiac
1526,10:40,32,Moderate,12,General ER
1527,11:50,44,Critical,20,Oncology
1528,12:20,21,High,9,Dermatology
1529,01:05,27,Moderate,10,Urology
1530,02:45,36,Critical,17,Gynecology
1531,03:15,22,High,8,ENT
1532,04:05,29,Moderate,11,Radiology
1533,05:25,41,Critical,19,Pulmonology
1534,06:15,24,High,9,General Surgery
1535,07:30,33,Moderate,12,Nephrology
1536,08:20,39,Critical,18,Psychiatry
1537,09:10,18,High,8,ICU
1538,10:45,31,Moderate,11,Emergency Medicine
1539,11:35,43,Critical,20,Cardiology
1540,12:15,25,High,10,Pathology
1541,09:00,25,High,10,Trauma
1542,10:00,15,Critical,7,Pediatrics
1543,11:30,40,Moderate,15,Orthopedic
1544,01:00,18,High,9,Neurology
1545,03:00,35,Critical,14,Cardiac
1546,04:15,20,Moderate,8,General ER
1547,05:00,28,High,11,Oncology
1548,06:30,32,Critical,16,Dermatology
1549,07:00,22,Moderate,9,Urology
1550,08:15,45,Critical,18,Gynecology
1551,09:20,17,High,7,ENT
1552,10:10,26,Moderate,10,Radiology
1553,11:45,38,Critical,15,Pulmonology
1554,12:30,19,High,8,General Surgery
1555,01:40,24,Moderate,9,Nephrology
1556,02:15,31,Critical,17,Psychiatry
1557,03:25,16,High,7,ICU
1558,04:35,29,Moderate,11,Emergency Medicine
1559,05:10,41,Critical,19,Cardiology
1560,06:00,23,High,10,Pathology
1561,07:20,27,Moderate,12,Trauma
1562,08:45,36,Critical,16,Pediatrics
1563,09:30,18,High,8,Orthopedic
1564,10:15,30,Moderate,11,Neurology
1565,11:00,43,Critical,20,Cardiac
1566,12:20,21,High,9,General ER
1567,01:10,25,Moderate,10,Oncology
1568,02:40,34,Critical,15,Dermatology
1569,03:50,19,High,7,Urology
1570,04:25,28,Moderate,12,Gynecology
1571,05:15,39,Critical,18,ENT
1572,06:45,22,High,9,Radiology
1573,07:35,26,Moderate,10,Pulmonology
1574,08:20,37,Critical,17,General Surgery
1575,09:05,20,High,8,Nephrology
1576,10:50,29,Moderate,11,Psychiatry
1577,11:40,42,Critical,19,ICU
1578,12:15,24,High,10,Emergency Medicine
1579,01:25,27,Moderate,12,Cardiology
1580,02:30,35,Critical,16,Pathology
1581,03:45,18,High,7,Trauma
1582,04:50,31,Moderate,11,Pediatrics
1583,05:35,44,Critical,20,Orthopedic
1584,06:10,23,High,9,Neurology
1585,07:15,28,Moderate,10,Cardiac
1586,08:25,33,Critical,15,General ER
1587,09:40,17,High,8,Oncology
1588,10:30,30,Moderate,12,Dermatology
1589,11:20,40,Critical,18,Urology
1590,12:45,21,High,9,Gynecology
1591,01:15,26,Moderate,10,ENT
1592,02:00,38,Critical,17,Radiology
1593,03:10,19,High,8,Pulmonology
1594,04:20,27,Moderate,11,General Surgery
1595,05:30,41,Critical,19,Nephrology
1596,06:40,22,High,9,Psychiatry
1597,07:50,29,Moderate,12,ICU
1598,08:30,36,Critical,16,Emergency Medicine
1599,09:15,18,High,7,Cardiology
1600,10:25,31,Moderate,11,Pathology
1601,11:10,43,Critical,20,Trauma
1602,12:05,24,High,10,Pediatrics
1603,01:45,28,Moderate,12,Orthopedic
1604,02:20,37,Critical,17,Neurology
1605,03:35,20,High,8,Cardiac
1606,04:45,30,Moderate,11,General ER
1607,05:25,42,Critical,19,Oncology
1608,06:15,23,High,9,Dermatology
1609,07:40,27,Moderate,10,Urology
1610,08:10,35,Critical,15,Gynecology
1611,09:05,19,High,7,ENT
1612,10:20,32,Moderate,12,Radiology
1613,11:35,44,Critical,20,Pulmonology
1614,12:50,21,High,9,General Surgery
1615,01:30,26,Moderate,10,Nephrology
1616,02:15,39,Critical,18,Psychiatry
1617,03:25,18,High,8,ICU
1618,04:35,29,Moderate,11,Emergency Medicine
1619,05:45,40,Critical,19,Cardiology
1620,06:55,22,High,9,Pathology
1621,07:10,27,Moderate,12,Trauma
1622,08:40,34,Critical,16,Pediatrics
1623,09:20,20,High,8,Orthopedic
1624,10:05,31,Moderate,11,Neurology
1625,11:15,45,Critical,20,Cardiac
1626,12:30,24,High,10,General ER
1627,01:50,28,Moderate,12,Oncology
1628,02:25,38,Critical,17,Dermatology
1629,03:40,17,High,7,Urology
1630,04:55,30,Moderate,11,Gynecology
1631,05:35,42,Critical,19,ENT
1632,06:25,23,High,9,Radiology
1633,07:45,26,Moderate,10,Pulmonology
1634,08:35,37,Critical,16,General Surgery
1635,09:10,18,High,8,Nephrology
1636,10:40,32,Moderate,12,Psychiatry
1637,11:50,44,Critical,20,ICU
1638,12:20,21,High,9,Emergency Medicine
1639,01:05,27,Moderate,10,Cardiology
1640,02:45,36,Critical,17,Pathology
1641,03:15,22,High,8,Trauma
1642,04:05,29,Moderate,11,Pediatrics
1643,05:25,41,Critical,19,Orthopedic
1644,06:15,24,High,9,Neurology
1645,07:30,33,Moderate,12,Cardiac
1646,08:20,39,Critical,18,General ER
1647,09:10,18,High,8,Oncology
1648,10:45,31,Moderate,11,Dermatology
1649,11:35,43,Critical,20,Urology
1650,12:15,25,High,10,Gynecology
1651,09:00,25,High,10,ENT
1652,10:00,15,Critical,7,Radiology
1653,11:30,40,Moderate,15,Pulmonology
1654,01:00,18,High,9,General Surgery
1655,03:00,35,Critical,14,Nephrology
1656,04:15,20,Moderate,8,Psychiatry
1657,05:00,28,High,11,ICU
1658,06:30,32,Critical,16,Emergency Medicine
1659,07:00,22,Moderate,9,Cardiology
1660,08:15,45,Critical,18,Pathology
1661,09:20,17,High,7,Trauma
1662,10:10,26,Moderate,10,Pediatrics
1663,11:45,38,Critical,15,Orthopedic
1664,12:30,19,High,8,Neurology
1665,01:40,24,Moderate,9,Cardiac
1666,02:15,31,Critical,17,General ER
1667,03:25,16,High,7,Oncology
1668,04:35,29,Moderate,11,Dermatology
1669,05:10,41,Critical,19,Urology
1670,06:00,23,High,10,Gynecology
1671,07:20,27,Moderate,12,ENT
1672,08:45,36,Critical,16,Radiology
1673,09:30,18,High,8,Pulmonology
1674,10:15,30,Moderate,11,General Surgery
1675,11:00,43,Critical,20,Nephrology
1676,12:20,21,High,9,Psychiatry
1677,01:10,25,Moderate,10,ICU
1678,02:40,34,Critical,15,Emergency Medicine
1679,03:50,19,High,7,Cardiology
1680,04:25,28,Moderate,12,Pathology
1681,05:15,39,Critical,18,Trauma
1682,06:45,22,High,9,Pediatrics
1683,07:35,26,Moderate,10,Orthopedic
1684,08:20,37,Critical,17,Neurology
1685,09:05,20,High,8,Cardiac
1686,10:50,29,Moderate,11,General ER
1687,11:40,42,Critical,19,Oncology
1688,12:15,24,High,10,Dermatology
1689,01:25,27,Moderate,12,Urology
1690,02:30,35,Critical,16,Gynecology
1691,03:45,18,High,7,ENT
1692,04:50,31,Moderate,11,Radiology
1693,05:35,44,Critical,20,Pulmonology
1694,06:10,23,High,9,General Surgery
1695,07:15,28,Moderate,10,Nephrology
1696,08:25,33,Critical,15,Psychiatry
1697,09:40,17,High,8,ICU
1698,10:30,30,Moderate,12,Emergency Medicine
1699,11:20,40,Critical,18,Cardiology
1700,12:45,21,High,9,Pathology
1701,01:15,26,Moderate,10,Trauma
1702,02:00,38,Critical,17,Pediatrics
1703,03:10,19,High,8,Orthopedic
1704,04:20,27,Moderate,11,Neurology
1705,05:30,41,Critical,19,Cardiac
1706,06:40,22,High,9,General ER
1707,07:50,29,Moderate,12,Oncology
1708,08:30,36,Critical,16,Dermatology
1709,09:15,18,High,7,Urology
1710,10:25,31,Moderate,11,Gynecology
1711,11:10,43,Critical,20,ENT
1712,12:05,24,High,10,Radiology
1713,01:45,28,Moderate,12,Pulmonology
1714,02:20,37,Critical,17,General Surgery
1715,03:35,20,High,8,Nephrology
1716,04:45,30,Moderate,11,Psychiatry
1717,05:25,42,Critical,19,ICU
1718,06:15,23,High,9,Emergency Medicine
1719,07:40,27,Moderate,10,Cardiology
1720,08:10,35,Critical,15,Pathology
1721,09:05,19,High,7,Trauma
1722,10:20,32,Moderate,12,Pediatrics
1723,11:35,44,Critical,20,Orthopedic
1724,12:50,21,High,9,Neurology
1725,01:30,26,Moderate,10,Cardiac
1726,02:15,39,Critical,18,General ER
1727,03:25,18,High,8,Oncology
1728,04:35,29,Moderate,11,Dermatology
1729,05:45,40,Critical,19,Urology
1730,06:55,22,High,9,Gynecology
1731,07:10,27,Moderate,12,ENT
1732,08:40,34,Critical,16,Radiology
1733,09:20,20,High,8,Pulmonology
1734,10:05,31,Moderate,11,General Surgery
1735,11:15,45,Critical,20,Nephrology
1736,12:30,24,High,10,Psychiatry
1737,01:50,28,Moderate,12,ICU
1738,02:25,38,Critical,17,Emergency Medicine
1739,03:40,17,High,7,Cardiology
1740,04:55,30,Moderate,11,Pathology
1741,05:35,42,Critical,19,Trauma
1742,06:25,23,High,9,Pediatrics
1743,07:45,26,Moderate,10,Orthopedic
1744,08:35,37,Critical,16,Neurology
1745,09:10,18,High,8,Cardiac
1746,10:40,32,Moderate,12,General ER
1747,11:50,44,Critical,20,Oncology
1748,12:20,21,High,9,Dermatology
1749,01:05,27,Moderate,10,Urology
1750,02:45,36,Critical,17,Gynecology
1751,03:15,22,High,8,ENT
1752,04:05,29,Moderate,11,Radiology
1753,05:25,41,Critical,19,Pulmonology
1754,06:15,24,High,9,General Surgery
1755,07:30,33,Moderate,12,Nephrology
1756,08:20,39,Critical,18,Psychiatry
1757,09:10,18,High,8,ICU
1758,10:45,31,Moderate,11,Emergency Medicine
1759,11:35,43,Critical,20,Cardiology
1760,12:15,25,High,10,Pathology
1761,09:00,25,High,10,Trauma
1762,10:00,15,Critical,7,Pediatrics
1763,11:30,40,Moderate,15,Orthopedic
1764,01:00,18,High,9,Neurology
1765,03:00,35,Critical,14,Cardiac
1766,04:15,20,Moderate,8,General ER
1767,05:00,28,High,11,Oncology
1768,06:30,32,Critical,16,Dermatology
1769,07:00,22,Moderate,9,Urology
1770,08:15,45,Critical,18,Gynecology
1771,09:20,17,High,7,ENT
1772,10:10,26,Moderate,10,Radiology
1773,11:45,38,Critical,15,Pulmonology
1774,12:30,19,High,8,General Surgery
1775,01:40,24,Moderate,9,Nephrology
1776,02:15,31,Critical,17,Psychiatry
1777,03:25,16,High,7,ICU
1778,04:35,29,Moderate,11,Emergency Medicine
1779,05:10,41,Critical,19,Cardiology
1780,06:00,23,High,10,Pathology
1781,07:20,27,Moderate,12,Trauma
1782,08:45,36,Critical,16,Pediatrics
1783,09:30,18,High,8,Orthopedic
1784,10:15,30,Moderate,11,Neurology
1785,11:00,43,Critical,20,Cardiac
1786,12:20,21,High,9,General ER
1787,01:10,25,Moderate,10,Oncology
1788,02:40,34,Critical,15,Dermatology
1789,03:50,19,High,7,Urology
1790,04:25,28,Moderate,12,Gynecology
1791,05:15,39,Critical,18,ENT
1792,06:45,22,High,9,Radiology
1793,07:35,26,Moderate,10,Pulmonology
1794,08:20,37,Critical,17,General Surgery
1795,09:05,20,High,8,Nephrology
1796,10:50,29,Moderate,11,Psychiatry
1797,11:40,42,Critical,19,ICU
1798,12:15,24,High,10,Emergency Medicine
1799,01:25,27,Moderate,12,Cardiology
1800,02:30,35,Critical,16,Pathology
1801,03:45,18,High,7,Trauma
1802,04:50,31,Moderate,11,Pediatrics
1803,05:35,44,Critical,20,Orthopedic
1804,06:10,23,High,9,Neurology
1805,07:15,28,Moderate,10,Cardiac
1806,08:25,33,Critical,15,General ER
1807,09:40,17,High,8,Oncology
1808,10:30,30,Moderate,12,Dermatology
1809,11:20,40,Critical,18,Urology
1810,12:45,21,High,9,Gynecology
1811,01:15,26,Moderate,10,ENT
1812,02:00,38,Critical,17,Radiology
1813,03:10,19,High,8,Pulmonology
1814,04:20,27,Moderate,11,General Surgery
1815,05:30,41,Critical,19,Nephrology
1816,06:40,22,High,9,Psychiatry
1817,07:50,29,Moderate,12,ICU
1818,08:30,36,Critical,16,Emergency Medicine
1819,09:15,18,High,7,Cardiology
1820,10:25,31,Moderate,11,Pathology
1821,11:10,43,Critical,20,Trauma
1822,12:05,24,High,10,Pediatrics
1823,01:45,28,Moderate,12,Orthopedic
1824,02:20,37,Critical,17,Neurology
1825,03:35,20,High,8,Cardiac
1826,04:45,30,Moderate,11,General ER
1827,05:25,42,Critical,19,Oncology
1828,06:15,23,High,9,Dermatology
1829,07:40,27,Moderate,10,Urology
1830,08:10,35,Critical,15,Gynecology
1831,09:05,19,High,7,ENT
1832,10:20,32,Moderate,12,Radiology
1833,11:35,44,Critical,20,Pulmonology
1834,12:50,21,High,9,General Surgery
1835,01:30,26,Moderate,10,Nephrology
1836,02:15,39,Critical,18,Psychiatry
1837,03:25,18,High,8,ICU
1838,04:35,29,Moderate,11,Emergency Medicine
1839,05:45,40,Critical,19,Cardiology
1840,06:55,22,High,9,Pathology
1841,07:10,27,Moderate,12,Trauma
1842,08:40,34,Critical,16,Pediatrics
1843,09:20,20,High,8,Orthopedic
1844,10:05,31,Moderate,11,Neurology
1845,11:15,45,Critical,20,Cardiac
1846,12:30,24,High,10,General ER
1847,01:50,28,Moderate,12,Oncology
1848,02:25,38,Critical,17,Dermatology
1849,03:40,17,High,7,Urology
1850,04:55,30,Moderate,11,Gynecology
1851,05:35,42,Critical,19,ENT
1852,06:25,23,High,9,Radiology
1853,07:45,26,Moderate,10,Pulmonology
1854,08:35,37,Critical,16,General Surgery
1855,09:10,18,High,8,Nephrology
1856,10:40,32,Moderate,12,Psychiatry
1857,11:50,44,Critical,20,ICU
1858,12:20,21,High,9,Emergency Medicine
1859,01:05,27,Moderate,10,Cardiology
1860,02:45,36,Critical,17,Pathology
1861,03:15,22,High,8,Trauma
1862,04:05,29,Moderate,11,Pediatrics
1863,05:25,41,Critical,19,Orthopedic
1864,06:15,24,High,9,Neurology
1865,07:30,33,Moderate,12,Cardiac
1866,08:20,39,Critical,18,General ER
1867,09:10,18,High,8,Oncology
1868,10:45,31,Moderate,11,Dermatology
1869,11:35,43,Critical,20,Urology
1870,12:15,25,High,10,Gynecology
1871,09:00,25,High,10,ENT
1872,10:00,15,Critical,7,Radiology
1873,11:30,40,Moderate,15,Pulmonology
1874,01:00,18,High,9,General Surgery
1875,03:00,35,Critical,14,Nephrology
1876,04:15,20,Moderate,8,Psychiatry
1877,05:00,28,High,11,ICU
1878,06:30,32,Critical,16,Emergency Medicine
1879,07:00,22,Moderate,9,Cardiology
1880,08:15,45,Critical,18,Pathology
1881,09:20,17,High,7,Trauma
1882,10:10,26,Moderate,10,Pediatrics
1883,11:45,38,Critical,15,Orthopedic
1884,12:30,19,High,8,Neurology
1885,01:40,24,Moderate,9,Cardiac
1886,02:15,31,Critical,17,General ER
1887,03:25,16,High,7,Oncology
1888,04:35,29,Moderate,11,Dermatology
1889,05:10,41,Critical,19,Urology
1890,06:00,23,High,10,Gynecology
1891,07:20,27,Moderate,12,ENT
1892,08:45,36,Critical,16,Radiology
1893,09:30,18,High,8,Pulmonology
1894,10:15,30,Moderate,11,General Surgery
1895,11:00,43,Critical,20,Nephrology
1896,12:20,21,High,9,Psychiatry
1897,01:10,25,Moderate,10,ICU
1898,02:40,34,Critical,15,Emergency Medicine
1899,03:50,19,High,7,Cardiology
1900,04:25,28,Moderate,12,Pathology
1901,05:15,39,Critical,18,Trauma
1902,06:45,22,High,9,Pediatrics
1903,07:35,26,Moderate,10,Orthopedic
1904,08:20,37,Critical,17,Neurology
1905,09:05,20,High,8,Cardiac
1906,10:50,29,Moderate,11,General ER
1907,11:40,42,Critical,19,Oncology
1908,12:15,24,High,10,Dermatology
1909,01:25,27,Moderate,12,Urology
1910,02:30,35,Critical,16,Gynecology
1911,03:45,18,High,7,ENT
1912,04:50,31,Moderate,11,Radiology
1913,05:35,44,Critical,20,Pulmonology
1914,06:10,23,High,9,General Surgery
1915,07:15,28,Moderate,10,Nephrology
1916,08:25,33,Critical,15,Psychiatry
1917,09:40,17,High,8,ICU
1918,10:30,30,Moderate,12,Emergency Medicine
1919,11:20,40,Critical,18,Cardiology
1920,12:45,21,High,9,Pathology
1921,01:15,26,Moderate,10,Trauma
1922,02:00,38,Critical,17,Pediatrics
1923,03:10,19,High,8,Orthopedic
1924,04:20,27,Moderate,11,Neurology
1925,05:30,41,Critical,19,Cardiac
1926,06:40,22,High,9,General ER
1927,07:50,29,Moderate,12,Oncology
1928,08:30,36,Critical,16,Dermatology
1929,09:15,18,High,7,Urology
1930,10:25,31,Moderate,11,Gynecology
1931,11:10,43,Critical,20,ENT
1932,12:05,24,High,10,Radiology
1933,01:45,28,Moderate,12,Pulmonology
1934,02:20,37,Critical,17,General Surgery
1935,03:35,20,High,8,Nephrology
1936,04:45,30,Moderate,11,Psychiatry
1937,05:25,42,Critical,19,ICU
1938,06:15,23,High,9,Emergency Medicine
1939,07:40,27,Moderate,10,Cardiology
1940,08:10,35,Critical,15,Pathology
1941,09:05,19,High,7,Trauma
1942,10:20,32,Moderate,12,Pediatrics
1943,11:35,44,Critical,20,Orthopedic
1944,12:50,21,High,9,Neurology
1945,01:30,26,Moderate,10,Cardiac
1946,02:15,39,Critical,18,General ER
1947,03:25,18,High,8,Oncology
1948,04:35,29,Moderate,11,Dermatology
1949,05:45,40,Critical,19,Urology
1950,06:55,22,High,9,Gynecology
1951,07:10,27,Moderate,12,ENT
1952,08:40,34,Critical,16,Radiology
1953,09:20,20,High,8,Pulmonology
1954,10:05,31,Moderate,11,General Surgery
1955,11:15,45,Critical,20,Nephrology
1956,12:30,24,High,10,Psychiatry
1957,01:50,28,Moderate,12,ICU
1958,02:25,38,Critical,17,Emergency Medicine
1959,03:40,17,High,7,Cardiology
1960,04:55,30,Moderate,11,Pathology
1961,05:35,42,Critical,19,Trauma
1962,06:25,23,High,9,Pediatrics
1963,07:45,26,Moderate,10,Orthopedic
1964,08:35,37,Critical,16,Neurology
1965,09:10,18,High,8,Cardiac
1966,10:40,32,Moderate,12,General ER
1967,11:50,44,Critical,20,Oncology
1968,12:20,21,High,9,Dermatology
1969,01:05,27,Moderate,10,Urology
1970,02:45,36,Critical,17,Gynecology
1971,03:15,22,High,8,ENT
1972,04:05,29,Moderate,11,Radiology
1973,05:25,41,Critical,19,Pulmonology
1974,06:15,24,High,9,General Surgery
1975,07:30,33,Moderate,12,Nephrology
1976,08:20,39,Critical,18,Psychiatry
1977,09:10,18,High,8,ICU
1978,10:45,31,Moderate,11,Emergency Medicine
1979,11:35,43,Critical,20,Cardiology
1980,12:15,25,High,10,Pathology
1981,09:00,25,High,10,Trauma
1982,10:00,15,Critical,7,Pediatrics
1983,11:30,40,Moderate,15,Orthopedic
1984,01:00,18,High,9,Neurology
1985,03:00,35,Critical,14,Cardiac
1986,04:15,20,Moderate,8,General ER
1987,05:00,28,High,11,Oncology
1988,06:30,32,Critical,16,Dermatology
1989,07:00,22,Moderate,9,Urology
1990,08:15,45,Critical,18,Gynecology
1991,09:20,17,High,7,ENT
1992,10:10,26,Moderate,10,Radiology
1993,11:45,38,Critical,15,Pulmonology
1994,12:30,19,High,8,General Surgery
1995,01:40,24,Moderate,9,Nephrology
1996,02:15,31,Critical,17,Psychiatry
1997,03:25,16,High,7,ICU
1998,04:35,29,Moderate,11,Emergency Medicine
1999,05:10,41,Critical,19,Cardiology
2000,06:00,23,High,10,Pathology
2001,07:20,27,Moderate,12,Trauma
2002,08:45,36,Critical,16,Pediatrics
2003,09:30,18,High,8,Orthopedic
2004,10:15,30,Moderate,11,Neurology
2005,11:00,43,Critical,20,Cardiac
2006,12:20,21,High,9,General ER
2007,01:10,25,Moderate,10,Oncology
2008,02:40,34,Critical,15,Dermatology
2009,03:50,19,High,7,Urology
2010,04:25,28,Moderate,12,Gynecology
2011,05:15,39,Critical,18,ENT
2012,06:45,22,High,9,Radiology
2013,07:35,26,Moderate,10,Pulmonology
2014,08:20,37,Critical,17,General Surgery
2015,09:05,20,High,8,Nephrology
2016,10:50,29,Moderate,11,Psychiatry
2017,11:40,42,Critical,19,ICU
2018,12:15,24,High,10,Emergency Medicine
2019,01:25,27,Moderate,12,Cardiology
2020,02:30,35,Critical,16,Pathology
2021,03:45,18,High,7,Trauma
2022,04:50,31,Moderate,11,Pediatrics
2023,05:35,44,Critical,20,Orthopedic
2024,06:10,23,High,9,Neurology
2025,07:15,28,Moderate,10,Cardiac
2026,08:25,33,Critical,15,General ER
2027,09:40,17,High,8,Oncology
2028,10:30,30,Moderate,12,Dermatology
2029,11:20,40,Critical,18,Urology
2030,12:45,21,High,9,Gynecology
2031,01:15,26,Moderate,10,ENT
2032,02:00,38,Critical,17,Radiology
2033,03:10,19,High,8,Pulmonology
2034,04:20,27,Moderate,11,General Surgery
2035,05:30,41,Critical,19,Nephrology
2036,06:40,22,High,9,Psychiatry
2037,07:50,29,Moderate,12,ICU
2038,08:30,36,Critical,16,Emergency Medicine
2039,09:15,18,High,7,Cardiology
2040,10:25,31,Moderate,11,Pathology
2041,11:10,43,Critical,20,Trauma
2042,12:05,24,High,10,Pediatrics
2043,01:45,28,Moderate,12,Orthopedic
2044,02:20,37,Critical,17,Neurology
2045,03:35,20,High,8,Cardiac
2046,04:45,30,Moderate,11,General ER
2047,05:25,42,Critical,19,Oncology
2048,06:15,23,High,9,Dermatology
2049,07:40,27,Moderate,10,Urology
2050,08:10,35,Critical,15,Gynecology
2051,09:05,19,High,7,ENT
2052,10:20,32,Moderate,12,Radiology
2053,11:35,44,Critical,20,Pulmonology
2054,12:50,21,High,9,General Surgery
2055,01:30,26,Moderate,10,Nephrology
2056,02:15,39,Critical,18,Psychiatry
2057,03:25,18,High,8,ICU
2058,04:35,29,Moderate,11,Emergency Medicine
2059,05:45,40,Critical,19,Cardiology
2060,06:55,22,High,9,Pathology
2061,07:10,27,Moderate,12,Trauma
2062,08:40,34,Critical,16,Pediatrics
2063,09:20,20,High,8,Orthopedic
2064,10:05,31,Moderate,11,Neurology
2065,11:15,45,Critical,20,Cardiac
2066,12:30,24,High,10,General ER
2067,01:50,28,Moderate,12,Oncology
2068,02:25,38,Critical,17,Dermatology
2069,03:40,17,High,7,Urology
2070,04:55,30,Moderate,11,Gynecology
2071,05:35,42,Critical,19,ENT
2072,06:25,23,High,9,Radiology
2073,07:45,26,Moderate,10,Pulmonology
2074,08:35,37,Critical,16,General Surgery
2075,09:10,18,High,8,Nephrology
2076,10:40,32,Moderate,12,Psychiatry
2077,11:50,44,Critical,20,ICU
2078,12:20,21,High,9,Emergency Medicine
2079,01:05,27,Moderate,10,Cardiology
2080,02:45,36,Critical,17,Pathology
2081,03:15,22,High,8,Trauma
2082,04:05,29,Moderate,11,Pediatrics
2083,05:25,41,Critical,19,Orthopedic
2084,06:15,24,High,9,Neurology
2085,07:30,33,Moderate,12,Cardiac
2086,08:20,39,Critical,18,General ER
2087,09:10,18,High,8,Oncology
2088,10:45,31,Moderate,11,Dermatology
2089,11:35,43,Critical,20,Urology
2090,12:15,25,High,10,Gynecology
2091,09:00,25,High,10,ENT
2092,10:00,15,Critical,7,Radiology
2093,11:30,40,Moderate,15,Pulmonology
2094,01:00,18,High,9,General Surgery
2095,03:00,35,Critical,14,Nephrology
2096,04:15,20,Moderate,8,Psychiatry
2097,05:00,28,High,11,ICU
2098,06:30,32,Critical,16,Emergency Medicine
2099,07:00,22,Moderate,9,Cardiology
2100,08:15,45,Critical,18,Pathology
2101,09:20,17,High,7,Trauma
2102,10:10,26,Moderate,10,Pediatrics
2103,11:45,38,Critical,15,Orthopedic
2104,12:30,19,High,8,Neurology
2105,01:40,24,Moderate,9,Cardiac
2106,02:15,31,Critical,17,General ER
2107,03:25,16,High,7,Oncology
2108,04:35,29,Moderate,11,Dermatology
2109,05:10,41,Critical,19,Urology
2110,06:00,23,High,10,Gynecology
2111,07:20,27,Moderate,12,ENT
2112,08:45,36,Critical,16,Radiology
2113,09:30,18,High,8,Pulmonology
2114,10:15,30,Moderate,11,General Surgery
2115,11:00,43,Critical,20,Nephrology
2116,12:20,21,High,9,Psychiatry
2117,01:10,25,Moderate,10,ICU
2118,02:40,34,Critical,15,Emergency Medicine
2119,03:50,19,High,7,Cardiology
2120,04:25,28,Moderate,12,Pathology
2121,05:15,39,Critical,18,Trauma
2122,06:45,22,High,9,Pediatrics
2123,07:35,26,Moderate,10,Orthopedic
2124,08:20,37,Critical,17,Neurology
2125,09:05,20,High,8,Cardiac
2126,10:50,29,Moderate,11,General ER
2127,11:40,42,Critical,19,Oncology
2128,12:15,24,High,10,Dermatology
2129,01:25,27,Moderate,12,Urology
2130,02:30,35,Critical,16,Gynecology
2131,03:45,18,High,7,ENT
2132,04:50,31,Moderate,11,Radiology
2133,05:35,44,Critical,20,Pulmonology
2134,06:10,23,High,9,General Surgery
2135,07:15,28,Moderate,10,Nephrology
2136,08:25,33,Critical,15,Psychiatry
2137,09:40,17,High,8,ICU
2138,10:30,30,Moderate,12,Emergency Medicine
2139,11:20,40,Critical,18,Cardiology
2140,12:45,21,High,9,Pathology
2141,01:15,26,Moderate,10,Trauma
2142,02:00,38,Critical,17,Pediatrics
2143,03:10,19,High,8,Orthopedic
2144,04:20,27,Moderate,11,Neurology
2145,05:30,41,Critical,19,Cardiac
2146,06:40,22,High,9,General ER
2147,07:50,29,Moderate,12,Oncology
2148,08:30,36,Critical,16,Dermatology
2149,09:15,18,High,7,Urology
2150,10:25,31,Moderate,11,Gynecology
2151,11:10,43,Critical,20,ENT
2152,12:05,24,High,10,Radiology
2153,01:45,28,Moderate,12,Pulmonology
2154,02:20,37,Critical,17,General Surgery
2155,03:35,20,High,8,Nephrology
2156,04:45,30,Moderate,11,Psychiatry
2157,05:25,42,Critical,19,ICU
2158,06:15,23,High,9,Emergency Medicine
2159,07:40,27,Moderate,10,Cardiology
2160,08:10,35,Critical,15,Pathology
2161,09:05,19,High,7,Trauma
2162,10:20,32,Moderate,12,Pediatrics
2163,11:35,44,Critical,20,Orthopedic
2164,12:50,21,High,9,Neurology
2165,01:30,26,Moderate,10,Cardiac
2166,02:15,39,Critical,18,General ER
2167,03:25,18,High,8,Oncology
2168,04:35,29,Moderate,11,Dermatology
2169,05:45,40,Critical,19,Urology
2170,06:55,22,High,9,Gynecology
2171,07:10,27,Moderate,12,ENT
2172,08:40,34,Critical,16,Radiology
2173,09:20,20,High,8,Pulmonology
2174,10:05,31,Moderate,11,General Surgery
2175,11:15,45,Critical,20,Nephrology
2176,12:30,24,High,10,Psychiatry
2177,01:50,28,Moderate,12,ICU
2178,02:25,38,Critical,17,Emergency Medicine
2179,03:40,17,High,7,Cardiology
2180,04:55,30,Moderate,11,Pathology
2181,05:35,42,Critical,19,Trauma
2182,06:25,23,High,9,Pediatrics
2183,07:45,26,Moderate,10,Orthopedic
2184,08:35,37,Critical,16,Neurology
2185,09:10,18,High,8,Cardiac
2186,10:40,32,Moderate,12,General ER
2187,11:50,44,Critical,20,Oncology
2188,12:20,21,High,9,Dermatology
2189,01:05,27,Moderate,10,Urology
2190,02:45,36,Critical,17,Gynecology
2191,03:15,22,High,8,ENT
2192,04:05,29,Moderate,11,Radiology
2193,05:25,41,Critical,19,Pulmonology
2194,06:15,24,High,9,General Surgery
2195,07:30,33,Moderate,12,Nephrology
2196,08:20,39,Critical,18,Psychiatry
2197,09:10,18,High,8,ICU
2198,10:45,31,Moderate,11,Emergency Medicine
2199,11:35,43,Critical,20,Cardiology
2200,12:15,25,High,10,Pathology
2201,09:00,25,High,10,Trauma
2202,10:00,15,Critical,7,Pediatrics
2203,11:30,40,Moderate,15,Orthopedic
2204,01:00,18,High,9,Neurology
2205,03:00,35,Critical,14,Cardiac
2206,04:15,20,Moderate,8,General ER
2207,05:00,28,High,11,Oncology
2208,06:30,32,Critical,16,Dermatology
2209,07:00,22,Moderate,9,Urology
2210,08:15,45,Critical,18,Gynecology
2211,09:20,17,High,7,ENT
2212,10:10,26,Moderate,10,Radiology
2213,11:45,38,Critical,15,Pulmonology
2214,12:30,19,High,8,General Surgery
2215,01:40,24,Moderate,9,Nephrology
2216,02:15,31,Critical,17,Psychiatry
2217,03:25,16,High,7,ICU
2218,04:35,29,Moderate,11,Emergency Medicine
2219,05:10,41,Critical,19,Cardiology
2220,06:00,23,High,10,Pathology
2221,07:20,27,Moderate,12,Trauma
2222,08:45,36,Critical,16,Pediatrics
2223,09:30,18,High,8,Orthopedic
2224,10:15,30,Moderate,11,Neurology
2225,11:00,43,Critical,20,Cardiac
2226,12:20,21,High,9,General ER
2227,01:10,25,Moderate,10,Oncology
2228,02:40,34,Critical,15,Dermatology
2229,03:50,19,High,7,Urology
2230,04:25,28,Moderate,12,Gynecology
2231,05:15,39,Critical,18,ENT
2232,06:45,22,High,9,Radiology
2233,07:35,26,Moderate,10,Pulmonology
2234,08:20,37,Critical,17,General Surgery
2235,09:05,20,High,8,Nephrology
2236,10:50,29,Moderate,11,Psychiatry
2237,11:40,42,Critical,19,ICU
2238,12:15,24,High,10,Emergency Medicine
2239,01:25,27,Moderate,12,Cardiology
2240,02:30,35,Critical,16,Pathology
2241,03:45,18,High,7,Trauma
2242,04:50,31,Moderate,11,Pediatrics
2243,05:35,44,Critical,20,Orthopedic
2244,06:10,23,High,9,Neurology
2245,07:15,28,Moderate,10,Cardiac
2246,08:25,33,Critical,15,General ER
2247,09:40,17,High,8,Oncology
2248,10:30,30,Moderate,12,Dermatology
2249,11:20,40,Critical,18,Urology
2250,12:45,21,High,9,Gynecology
2251,01:15,26,Moderate,10,ENT
2252,02:00,38,Critical,17,Radiology
2253,03:10,19,High,8,Pulmonology
2254,04:20,27,Moderate,11,General Surgery
2255,05:30,41,Critical,19,Nephrology
2256,06:40,22,High,9,Psychiatry
2257,07:50,29,Moderate,12,ICU
2258,08:30,36,Critical,16,Emergency Medicine
2259,09:15,18,High,7,Cardiology
2260,10:25,31,Moderate,11,Pathology
2261,11:10,43,Critical,20,Trauma
2262,12:05,24,High,10,Pediatrics
2263,01:45,28,Moderate,12,Orthopedic
2264,02:20,37,Critical,17,Neurology
2265,03:35,20,High,8,Cardiac
2266,04:45,30,Moderate,11,General ER
2267,05:25,42,Critical,19,Oncology
2268,06:15,23,High,9,Dermatology
2269,07:40,27,Moderate,10,Urology
2270,08:10,35,Critical,15,Gynecology
2271,09:05,19,High,7,ENT
2272,10:20,32,Moderate,12,Radiology
2273,11:35,44,Critical,20,Pulmonology
2274,12:50,21,High,9,General Surgery
2275,01:30,26,Moderate,10,Nephrology
2276,02:15,39,Critical,18,Psychiatry
2277,03:25,18,High,8,ICU
2278,04:35,29,Moderate,11,Emergency Medicine
2279,05:45,40,Critical,19,Cardiology
2280,06:55,22,High,9,Pathology
2281,07:10,27,Moderate,12,Trauma
2282,08:40,34,Critical,16,Pediatrics
2283,09:20,20,High,8,Orthopedic
2284,10:05,31,Moderate,11,Neurology
2285,11:15,45,Critical,20,Cardiac
2286,12:30,24,High,10,General ER
2287,01:50,28,Moderate,12,Oncology
2288,02:25,38,Critical,17,Dermatology
2289,03:40,17,High,7,Urology
2290,04:55,30,Moderate,11,Gynecology
2291,05:35,42,Critical,19,ENT
2292,06:25,23,High,9,Radiology
2293,07:45,26,Moderate,10,Pulmonology
2294,08:35,37,Critical,16,General Surgery
2295,09:10,18,High,8,Nephrology
2296,10:40,32,Moderate,12,Psychiatry
2297,11:50,44,Critical,20,ICU
2298,12:20,21,High,9,Emergency Medicine
2299,01:05,27,Moderate,10,Cardiology
2300,02:45,36,Critical,17,Pathology
2301,03:15,22,High,8,Trauma
2302,04:05,29,Moderate,11,Pediatrics
2303,05:25,41,Critical,19,Orthopedic
2304,06:15,24,High,9,Neurology
2305,07:30,33,Moderate,12,Cardiac
2306,08:20,39,Critical,18,General ER
2307,09:10,18,High,8,Oncology
2308,10:45,31,Moderate,11,Dermatology
2309,11:35,43,Critical,20,Urology
2310,12:15,25,High,10,Gynecology
2311,09:00,25,High,10,ENT
2312,10:00,15,Critical,7,Radiology
2313,11:30,40,Moderate,15,Pulmonology
2314,01:00,18,High,9,General Surgery
2315,03:00,35,Critical,14,Nephrology
2316,04:15,20,Moderate,8,Psychiatry
2317,05:00,28,High,11,ICU
2318,06:30,32,Critical,16,Emergency Medicine
2319,07:00,22,Moderate,9,Cardiology
2320,08:15,45,Critical,18,Pathology
2321,09:20,17,High,7,Trauma
2322,10:10,26,Moderate,10,Pediatrics
2323,11:45,38,Critical,15,Orthopedic
2324,12:30,19,High,8,Neurology
2325,01:40,24,Moderate,9,Cardiac
2326,02:15,31,Critical,17,General ER
2327,03:25,16,High,7,Oncology
2328,04:35,29,Moderate,11,Dermatology
2329,05:10,41,Critical,19,Urology
2330,06:00,23,High,10,Gynecology
2331,07:20,27,Moderate,12,ENT
2332,08:45,36,Critical,16,Radiology
2333,09:30,18,High,8,Pulmonology
2334,10:15,30,Moderate,11,General Surgery
2335,11:00,43,Critical,20,Nephrology
2336,12:20,21,High,9,Psychiatry
2337,01:10,25,Moderate,10,ICU
2338,02:40,34,Critical,15,Emergency Medicine
2339,03:50,19,High,7,Cardiology
2340,04:25,28,Moderate,12,Pathology
2341,05:15,39,Critical,18,Trauma
2342,06:45,22,High,9,Pediatrics
2343,07:35,26,Moderate,10,Orthopedic
2344,08:20,37,Critical,17,Neurology
2345,09:05,20,High,8,Cardiac
2346,10:50,29,Moderate,11,General ER
2347,11:40,42,Critical,19,Oncology
2348,12:15,24,High,10,Dermatology
2349,01:25,27,Moderate,12,Urology
2350,02:30,35,Critical,16,Gynecology
2351,03:45,18,High,7,ENT
2352,04:50,31,Moderate,11,Radiology
2353,05:35,44,Critical,20,Pulmonology
2354,06:10,23,High,9,General Surgery
2355,07:15,28,Moderate,10,Nephrology
2356,08:25,33,Critical,15,Psychiatry
2357,09:40,17,High,8,ICU
2358,10:30,30,Moderate,12,Emergency Medicine
2359,11:20,40,Critical,18,Cardiology
2360,12:45,21,High,9,Pathology
2361,01:15,26,Moderate,10,Trauma
2362,02:00,38,Critical,17,Pediatrics
2363,03:10,19,High,8,Orthopedic
2364,04:20,27,Moderate,11,Neurology
2365,05:30,41,Critical,19,Cardiac
2366,06:40,22,High,9,General ER
2367,07:50,29,Moderate,12,Oncology
2368,08:30,36,Critical,16,Dermatology
2369,09:15,18,High,7,Urology
2370,10:25,31,Moderate,11,Gynecology
2371,11:10,43,Critical,20,ENT
2372,12:05,24,High,10,Radiology
2373,01:45,28,Moderate,12,Pulmonology
2374,02:20,37,Critical,17,General Surgery
2375,03:35,20,High,8,Nephrology
2376,04:45,30,Moderate,11,Psychiatry
2377,05:25,42,Critical,19,ICU
2378,06:15,23,High,9,Emergency Medicine
2379,07:40,27,Moderate,10,Cardiology
2380,08:10,35,Critical,15,Pathology
2381,09:05,19,High,7,Trauma
2382,10:20,32,Moderate,12,Pediatrics
2383,11:35,44,Critical,20,Orthopedic
2384,12:50,21,High,9,Neurology
2385,01:30,26,Moderate,10,Cardiac
2386,02:15,39,Critical,18,General ER
2387,03:25,18,High,8,Oncology
2388,04:35,29,Moderate,11,Dermatology
2389,05:45,40,Critical,19,Urology
2390,06:55,22,High,9,Gynecology
2391,07:10,27,Moderate,12,ENT
2392,08:40,34,Critical,16,Radiology
2393,09:20,20,High,8,Pulmonology
2394,10:05,31,Moderate,11,General Surgery
2395,11:15,45,Critical,20,Nephrology
2396,12:30,24,High,10,Psychiatry
2397,01:50,28,Moderate,12,ICU
2398,02:25,38,Critical,17,Emergency Medicine
2399,03:40,17,High,7,Cardiology
2400,04:55,30,Moderate,11,Pathology
2401,05:35,42,Critical,19,Trauma
2402,06:25,23,High,9,Pediatrics
2403,07:45,26,Moderate,10,Orthopedic
2404,08:35,37,Critical,16,Neurology
2405,09:10,18,High,8,Cardiac
2406,10:40,32,Moderate,12,General ER
2407,11:50,44,Critical,20,Oncology
2408,12:20,21,High,9,Dermatology
2409,01:05,27,Moderate,10,Urology
2410,02:45,36,Critical,17,Gynecology
2411,03:15,22,High,8,ENT
2412,04:05,29,Moderate,11,Radiology
2413,05:25,41,Critical,19,Pulmonology
2414,06:15,24,High,9,General Surgery
2415,07:30,33,Moderate,12,Nephrology
2416,08:20,39,Critical,18,Psychiatry
2417,09:10,18,High,8,ICU
2418,10:45,31,Moderate,11,Emergency Medicine
2419,11:35,43,Critical,20,Cardiology
2420,12:15,25,High,10,Pathology
2421,09:00,25,High,10,Trauma
2422,10:00,15,Critical,7,Pediatrics
2423,11:30,40,Moderate,15,Orthopedic
2424,01:00,18,High,9,Neurology
2425,03:00,35,Critical,14,Cardiac
2426,04:15,20,Moderate,8,General ER
2427,05:00,28,High,11,Oncology
2428,06:30,32,Critical,16,Dermatology
2429,07:00,22,Moderate,9,Urology
2430,08:15,45,Critical,18,Gynecology
2431,09:20,17,High,7,ENT
2432,10:10,26,Moderate,10,Radiology
2433,11:45,38,Critical,15,Pulmonology
2434,12:30,19,High,8,General Surgery
2435,01:40,24,Moderate,9,Nephrology
2436,02:15,31,Critical,17,Psychiatry
2437,03:25,16,High,7,ICU
2438,04:35,29,Moderate,11,Emergency Medicine
2439,05:10,41,Critical,19,Cardiology
2440,06:00,23,High,10,Pathology
2441,07:20,27,Moderate,12,Trauma
2442,08:45,36,Critical,16,Pediatrics
2443,09:30,18,High,8,Orthopedic
2444,10:15,30,Moderate,11,Neurology
2445,11:00,43,Critical,20,Cardiac
2446,12:20,21,High,9,General ER
2447,01:10,25,Moderate,10,Oncology
2448,02:40,34,Critical,15,Dermatology
2449,03:50,19,High,7,Urology
2450,04:25,28,Moderate,12,Gynecology
2451,05:15,39,Critical,18,ENT
2452,06:45,22,High,9,Radiology
2453,07:35,26,Moderate,10,Pulmonology
2454,08:20,37,Critical,17,General Surgery
2455,09:05,20,High,8,Nephrology
2456,10:50,29,Moderate,11,Psychiatry
2457,11:40,42,Critical,19,ICU
2458,12:15,24,High,10,Emergency Medicine
2459,01:25,27,Moderate,12,Cardiology
2460,02:30,35,Critical,16,Pathology
2461,03:45,18,High,7,Trauma
2462,04:50,31,Moderate,11,Pediatrics
2463,05:35,44,Critical,20,Orthopedic
2464,06:10,23,High,9,Neurology
2465,07:15,28,Moderate,10,Cardiac
2466,08:25,33,Critical,15,General ER
2467,09:40,17,High,8,Oncology
2468,10:30,30,Moderate,12,Dermatology
2469,11:20,40,Critical,18,Urology
2470,12:45,21,High,9,Gynecology
2471,01:15,26,Moderate,10,ENT
2472,02:00,38,Critical,17,Radiology
2473,03:10,19,High,8,Pulmonology
2474,04:20,27,Moderate,11,General Surgery
2475,05:30,41,Critical,19,Nephrology
2476,06:40,22,High,9,Psychiatry
2477,07:50,29,Moderate,12,ICU
2478,08:30,36,Critical,16,Emergency Medicine
2479,09:15,18,High,7,Cardiology
2480,10:25,31,Moderate,11,Pathology
2481,11:10,43,Critical,20,Trauma
2482,12:05,24,High,10,Pediatrics
2483,01:45,28,Moderate,12,Orthopedic
2484,02:20,37,Critical,17,Neurology
2485,03:35,20,High,8,Cardiac
2486,04:45,30,Moderate,11,General ER
2487,05:25,42,Critical,19,Oncology
2488,06:15,23,High,9,Dermatology
2489,07:40,27,Moderate,10,Urology
2490,08:10,35,Critical,15,Gynecology
2491,09:05,19,High,7,ENT
2492,10:20,32,Moderate,12,Radiology
2493,11:35,44,Critical,20,Pulmonology
2494,12:50,21,High,9,General Surgery
2495,01:30,26,Moderate,10,Nephrology
2496,02:15,39,Critical,18,Psychiatry
2497,03:25,18,High,8,ICU
2498,04:35,29,Moderate,11,Emergency Medicine
2499,05:45,40,Critical,19,Cardiology
2500,06:55,22,High,9,Pathology